Series Name,Series Code,Country Name,Country Code,2017,2018,2019,2020,2021,2022,2023,2024,2025,2026,2027,2028,2029,2030
Population growth (annual %),SP.POP.GROW,Afghanistan,AFG,2,3.6,2.9,3.7,4.1,3.5,3.7,3.1,2.6,2.9,2.9,2.9,3.1,2.9
Population growth (annual %),SP.POP.GROW,Albania,ALB,-0.8,-0.7,-0.5,-0.3,-0.2,-0.2,-0.2,-0.3,-0.2,-0.1,-0.2,-0.4,-0.6,-0.9
Population growth (annual %),SP.POP.GROW,Algeria,DZA,1.7,1.8,1.9,1.9,1.9,2,2,2,2,2,1.9,1.8,1.7,1.7
Population growth (annual %),SP.POP.GROW,American Samoa,ASM,-0.9,-0.9,-0.9,-1,-1.1,-1.3,-1.5,-1.6,-1.8,-2,-2.1,-2.3,-2.4,-2.5
Population growth (annual %),SP.POP.GROW,Andorra,AND,-2.7,-2.9,-3.2,-1.3,0.6,0.5,0.4,0.2,1.1,1.8,1.6,1.8,1.8,1.7
Population growth (annual %),SP.POP.GROW,Angola,AGO,3.7,3.7,3.7,3.8,3.8,3.7,3.7,3.6,3.6,3.6,3.5,3.4,3.3,3.2
Population growth (annual %),SP.POP.GROW,Antigua and Barbuda,ATG,1.5,1.5,1.4,1.2,1.1,0.9,0.8,0.8,0.7,0.6,0.6,0.5,0.6,0.6
Population growth (annual %),SP.POP.GROW,Argentina,ARG,1,1,0.3,1.2,1.1,1.1,1.1,1.1,1.1,1,1,1,1,0.9
Population growth (annual %),SP.POP.GROW,Armenia,ARM,-0.7,-0.6,-0.6,-0.6,-0.5,-0.4,-0.4,-0.4,-0.4,-0.5,-0.5,-0.6,-0.5,-0.5
Population growth (annual %),SP.POP.GROW,Aruba,ABW,1.2,1.2,1.1,0.9,0.8,0.7,0.7,0.6,0.6,0.5,0.5,0.5,0.1,0
Population growth (annual %),SP.POP.GROW,Australia,AUS,2,2.1,1.6,1.4,1.7,1.7,1.5,1.4,1.6,1.7,1.5,1.5,1.2,0.1
Population growth (annual %),SP.POP.GROW,Austria,AUT,0.3,0.3,0.2,0.3,0.5,0.6,0.8,1.1,1.1,0.7,0.5,0.4,0.4,0.4
Population growth (annual %),SP.POP.GROW,Azerbaijan,AZE,2.1,2.1,1.2,1.3,1.3,1.3,1.2,1.2,1.1,1,0.9,0.8,0.7,0.4
Population growth (annual %),SP.POP.GROW,"Bahamas, The",BHS,1.4,1.4,1.4,1.2,1.1,0.9,0.9,0.9,0.8,0.8,0.7,0.7,0.5,0.4
Population growth (annual %),SP.POP.GROW,Bahrain,BHR,6.5,6,2.9,-0.1,1.1,3,3.8,3.8,3.4,3.3,2.1,0.5,-1.1,-1
Population growth (annual %),SP.POP.GROW,Bangladesh,BGD,0.9,0.9,1.1,1.2,1.2,1.3,1.2,1.2,1.2,1.2,1.2,1.1,1.1,1.1
Population growth (annual %),SP.POP.GROW,Barbados,BRB,0.4,0.4,0.3,0.3,0.3,0.2,0.2,0.2,0.2,0.2,0.2,0.2,0.2,0.2
Population growth (annual %),SP.POP.GROW,Belarus,BLR,-0.3,-0.2,-0.2,-0.2,-0.2,0,0.1,0.1,0.1,-0.1,-0.2,-0.2,-0.4,-0.4
Population growth (annual %),SP.POP.GROW,Belgium,BEL,0.8,0.8,0.9,1.3,0.6,0.5,0.4,0.6,0.5,0.4,0.5,0.5,0.4,0.5
Population growth (annual %),SP.POP.GROW,Belize,BLZ,2.8,2.7,2.5,2.3,2.3,2.2,2.2,2.1,2,2,1.9,1.8,1.5,1.3
Population growth (annual %),SP.POP.GROW,Benin,BEN,2.9,2.9,2.9,2.9,2.9,2.9,2.9,3,2.9,2.9,2.9,2.9,2.8,2.8
Population growth (annual %),SP.POP.GROW,Bermuda,BMU,0.6,0.6,-0.8,-0.9,0.4,0.3,0.2,0.2,-1.1,-1.1,0.1,0,0,0
Population growth (annual %),SP.POP.GROW,Bhutan,BTN,1.2,1.1,1.1,1.1,1.1,1.1,1,0.9,0.9,0.8,0.8,0.7,0.7,0.6
Population growth (annual %),SP.POP.GROW,Bolivia,BOL,1.7,1.7,1.7,1.7,1.7,1.6,1.6,1.6,1.5,1.5,1.5,1.5,1.3,1.2
Population growth (annual %),SP.POP.GROW,Bosnia and Herzegovina,BIH,-1.6,-1.7,-1.7,-1.8,-1.9,-1.6,-1.3,-1.3,-1.2,-1.2,-1.2,-1.2,-1.3,-1.4
Population growth (annual %),SP.POP.GROW,Botswana,BWA,2,2.1,2.1,2,1.9,1.9,1.9,2,2,2.1,2,2,1.9,1.6
Population growth (annual %),SP.POP.GROW,Brazil,BRA,1,1,0.9,0.9,0.9,0.9,0.9,0.8,0.8,0.8,0.8,0.8,0.7,0.5
Population growth (annual %),SP.POP.GROW,British Virgin Islands,VGB,3.6,3.5,1.9,1.5,1.6,0.8,1.1,1.4,1.3,1.1,0.9,0.9,1,0.7
Population growth (annual %),SP.POP.GROW,Brunei Darussalam,BRN,1.5,1.5,1.5,1.4,1.3,1.2,1.2,1.1,1.1,1,0.9,0.9,0.8,0.8
Population growth (annual %),SP.POP.GROW,Bulgaria,BGR,-0.7,-0.6,-0.7,-0.6,-0.6,-0.6,-0.6,-0.6,-0.7,-0.7,-0.7,-0.7,-0.6,-0.8
Population growth (annual %),SP.POP.GROW,Burkina Faso,BFA,2.9,2.9,2.9,3,3,3,3,3,2.9,2.9,2.8,2.7,2.7,2.7
Population growth (annual %),SP.POP.GROW,Burundi,BDI,4.1,5.1,4.7,3.5,3.5,3.6,3.3,2.2,1.6,2.3,3,3.3,2.9,2.7
Population growth (annual %),SP.POP.GROW,Cabo Verde,CPV,1.1,1,1.1,1.2,1.2,1.1,1.1,1.1,1.1,1.2,1.1,1,1,0.9
Population growth (annual %),SP.POP.GROW,Cambodia,KHM,1.7,1.5,1.5,1.5,1.4,1.4,1.4,1.3,1.3,1.3,1.2,1.1,1.2,1.2
Population growth (annual %),SP.POP.GROW,Cameroon,CMR,2.8,2.8,2.9,2.8,2.8,2.8,3,3.1,3,2.8,2.8,2.8,2.7,2.6
Population growth (annual %),SP.POP.GROW,Canada,CAN,1.1,1.1,1.1,1,1.1,1.1,1,0.7,1.1,1.2,1.4,1.4,1.2,0.5
Population growth (annual %),SP.POP.GROW,Cayman Islands,CYM,2.9,2.9,2.8,2.6,2.4,2.3,2.3,2.2,2.2,2.1,2,1.9,1.8,1.2
Population growth (annual %),SP.POP.GROW,Central African Republic,CAF,2.1,2.2,2.1,1.5,0.9,0.6,-0.1,0.4,1.7,1.9,1.9,2.2,2.5,2.1
Population growth (annual %),SP.POP.GROW,Chad,TCD,3.4,3.5,3.4,3.5,3.5,3.6,3.6,3.2,3.1,3.3,3.4,3.3,3.2,3.2
Population growth (annual %),SP.POP.GROW,Channel Islands,CHI,0.8,0.8,0.8,0.6,0.5,0.7,0.7,0.8,0.9,0.9,1.2,1.3,1,0.9
Population growth (annual %),SP.POP.GROW,Chile,CHL,1,1,1,1,1,1,1,1,1.2,1.6,1.8,1.8,1.4,1
Population growth (annual %),SP.POP.GROW,China,CHN,0.5,0.5,0.5,0.5,0.7,0.7,0.6,0.6,0.6,0.6,0.5,0.4,0.2,0.1
Population growth (annual %),SP.POP.GROW,Colombia,COL,1.2,1.1,1.1,1.1,1,1,0.9,0.9,1.1,1.5,1.9,1.8,1.5,1.1
Population growth (annual %),SP.POP.GROW,Comoros,COM,2,2,2.1,2.1,2.1,2.1,2.2,2.2,2.2,2,1.9,1.9,1.9,1.9
Population growth (annual %),SP.POP.GROW,"Congo, Dem. Rep.",COD,3.2,3.2,3.2,3.4,3.4,3.4,3.4,3.4,3.5,3.4,3.3,3.2,3.2,3.2
Population growth (annual %),SP.POP.GROW,"Congo, Rep.",COG,3.3,4,4.2,3.2,2.8,2.4,2.4,2.4,2.4,2.4,2.4,2.4,2.3,2.3
Population growth (annual %),SP.POP.GROW,Costa Rica,CRI,1.4,1.4,1.3,1.2,1.2,1.2,1.1,1,1,1,0.9,0.9,0.8,0.6
Population growth (annual %),SP.POP.GROW,Cote d'Ivoire,CIV,2.1,2.1,2.1,2.1,2.1,2.1,2.3,2.6,2.6,2.6,2.6,2.5,2.5,2.5
Population growth (annual %),SP.POP.GROW,Croatia,HRV,0,-0.1,-0.2,-0.3,-0.3,-0.3,-0.4,-0.8,-0.7,-1.2,-0.9,-0.6,-0.4,-3.7
Population growth (annual %),SP.POP.GROW,Cuba,CUB,0.1,0.1,0.1,0.1,0.1,0.1,0.1,0.1,0,0,-0.1,-0.1,-0.1,-0.4
Population growth (annual %),SP.POP.GROW,Curacao,CUW,1.3,0.7,1.3,1.4,0.8,1.1,1.3,1.3,1.1,0.3,-0.5,-1.2,-1.6,-1.7
Population growth (annual %),SP.POP.GROW,Cyprus,CYP,1.7,1.7,1.7,1.4,1,0.9,0.9,0.9,0.9,0.9,0.8,0.8,0.7,0.5
Population growth (annual %),SP.POP.GROW,Czechia,CZE,0.8,0.6,0.3,0.2,0.1,0,0.1,0.2,0.2,0.3,0.3,0.4,0.2,-1.8
Population growth (annual %),SP.POP.GROW,Denmark,DNK,0.6,0.5,0.4,0.4,0.4,0.4,0.5,0.7,0.8,0.6,0.5,0.4,0.3,0.4
Population growth (annual %),SP.POP.GROW,Djibouti,DJI,2,2,2,1.9,1.8,1.8,1.8,1.7,1.7,1.6,1.6,1.6,1.5,1.4
Population growth (annual %),SP.POP.GROW,Dominica,DMA,0,0,0,0,0.2,-0.1,0.8,0.9,0.1,0.5,0.6,0.9,0.8,0.6
Population growth (annual %),SP.POP.GROW,Dominican Republic,DOM,1.3,1.3,1.3,1.3,1.3,1.2,1.2,1.2,1.2,1.1,1.1,1.1,1.1,1.1
Population growth (annual %),SP.POP.GROW,Ecuador,ECU,1.7,1.7,1.7,1.6,1.6,1.5,1.5,1.5,1.5,1.6,1.9,1.9,1.4,1.2
Population growth (annual %),SP.POP.GROW,"Egypt, Arab Rep.",EGY,2,2,2,2.2,2.3,2.3,2.3,2.2,2.1,2,1.9,1.8,1.7,1.7
Population growth (annual %),SP.POP.GROW,El Salvador,SLV,0.4,0.4,0.4,0.4,0.4,0.4,0.4,0.3,0.3,0.3,0.2,0.1,0.2,0.3
Population growth (annual %),SP.POP.GROW,Equatorial Guinea,GNQ,4.8,4.8,4.8,4.5,4.2,4.1,4,3.9,3.8,3.6,3.5,3.3,2.7,2.4
Population growth (annual %),SP.POP.GROW,Eritrea,ERI,2.7,2.6,2,1.9,1.4,1.3,0.8,0.5,0.8,0.9,1.4,1.5,1.6,1.8
Population growth (annual %),SP.POP.GROW,Estonia,EST,-0.3,-0.2,-0.2,-0.3,-0.4,-0.4,-0.3,0.1,0,0.1,0.3,0.4,0.2,0.1
Population growth (annual %),SP.POP.GROW,Ethiopia,ETH,2.8,2.8,2.8,2.9,2.8,2.7,2.7,2.7,2.7,2.7,2.7,2.7,2.7,2.6
Population growth (annual %),SP.POP.GROW,Faroe Islands,FRO,0.1,0,0,0,0,0.1,0.1,0.7,1.4,1.5,1.4,1.4,1.4,0.9
Population growth (annual %),SP.POP.GROW,Fiji,FJI,0.7,0.5,0.4,0.4,0.3,0.3,0.2,0.2,0.1,0.1,0,-0.1,0.2,0.5
Population growth (annual %),SP.POP.GROW,Finland,FIN,0.5,0.5,0.5,0.5,0.5,0.5,0.4,0.3,0.3,0.2,0.1,0.1,0.1,0.2
Population growth (annual %),SP.POP.GROW,France,FRA,0.6,0.5,0.5,0.5,0.5,0.5,0.5,0.4,0.3,0.3,0.4,0.3,0.3,0.3
Population growth (annual %),SP.POP.GROW,French Polynesia,PYF,0.9,0.6,0.5,0.5,0.5,0.5,0.6,0.7,0.6,0.6,0.7,0.7,0.7,0.7
Population growth (annual %),SP.POP.GROW,Gabon,GAB,3.2,3.3,3.4,3.5,3.6,3.5,3.3,3.1,2.8,2.6,2.4,2.3,2.2,2.1
Population growth (annual %),SP.POP.GROW,"Gambia, The",GMB,3.1,3.1,3.1,3.1,3.1,3.1,3,2.9,2.8,2.7,2.6,2.6,2.6,2.5
Population growth (annual %),SP.POP.GROW,Georgia,GEO,-0.3,-0.9,-0.7,-0.8,-0.7,-0.3,0,0.2,0.1,0,0,-0.2,0.1,-0.4
Population growth (annual %),SP.POP.GROW,Germany,DEU,-0.2,-0.3,-0.2,-1.9,0.2,0.3,0.4,0.9,0.8,0.4,0.3,0.2,0.1,0
Population growth (annual %),SP.POP.GROW,Ghana,GHA,2.6,2.5,2.5,2.4,2.5,2.5,2.4,2.4,2.3,2.2,2.1,2.1,2.1,2
Population growth (annual %),SP.POP.GROW,Gibraltar,GIB,1.3,1.4,1.4,1.4,1.4,0.8,0.1,0.2,0.1,0.1,0.1,0.1,0.1,-0.1
Population growth (annual %),SP.POP.GROW,Greece,GRC,0.3,0.3,0.1,-0.1,-0.5,-0.7,-0.7,-0.7,-0.4,-0.2,-0.2,-0.1,-0.2,-0.5
Population growth (annual %),SP.POP.GROW,Greenland,GRL,-0.4,0,1,0,-0.1,-0.6,-0.3,-0.3,0.1,0,-0.3,0.4,0.3,0.5
Population growth (annual %),SP.POP.GROW,Grenada,GRD,0.7,0.7,0.7,0.8,0.9,0.9,0.9,0.9,0.8,0.8,0.8,0.7,0.8,0.8
Population growth (annual %),SP.POP.GROW,Guam,GUM,0,-0.1,0.2,0.5,0.4,0.4,0.3,0.3,0.2,0.2,0,0,0.4,0.8
Population growth (annual %),SP.POP.GROW,Guatemala,GTM,1.9,1.9,1.8,1.8,1.8,1.8,1.7,1.7,1.7,1.6,1.6,1.6,1.5,1.5
Population growth (annual %),SP.POP.GROW,Guinea,GIN,2.4,2.4,2.5,2.5,2.4,2.4,2.5,2.5,2.6,2.6,2.5,2.5,2.5,2.4
Population growth (annual %),SP.POP.GROW,Guinea-Bissau,GNB,2.6,2.6,2.6,2.6,2.7,2.7,2.6,2.6,2.5,2.4,2.4,2.3,2.3,2.2
Population growth (annual %),SP.POP.GROW,Guyana,GUY,-0.3,-0.4,-0.4,-0.5,0,0.5,0.5,0.5,0.5,0.5,2.9,1.7,-0.2,0.9
Population growth (annual %),SP.POP.GROW,Haiti,HTI,1.6,1.6,1.1,1.1,1.5,1.5,1.5,1.4,1.4,1.4,1.4,1.3,1.3,1.2
Population growth (annual %),SP.POP.GROW,Honduras,HND,2.2,2.1,2.1,2,2,1.9,1.8,1.8,1.8,1.7,1.7,1.7,1.6,1.5
Population growth (annual %),SP.POP.GROW,"Hong Kong SAR, China",HKG,0.6,0.2,0.7,0.7,1.1,0.4,0.7,0.9,0.6,0.8,0.8,0.7,-0.4,-0.9
Population growth (annual %),SP.POP.GROW,Hungary,HUN,-0.2,-0.2,-0.2,-0.3,-0.5,-0.3,-0.3,-0.2,-0.3,-0.3,-0.1,0,-0.2,-0.4
Population growth (annual %),SP.POP.GROW,Iceland,ISL,1.9,0.3,-0.1,0.3,0.5,0.9,1.1,1,1.4,2.3,2.7,2.2,1.6,1.6
Population growth (annual %),SP.POP.GROW,India,IND,1.4,1.4,1.4,1.4,1.3,1.3,1.2,1.2,1.2,1.2,1.1,1,1,0.8
Population growth (annual %),SP.POP.GROW,Indonesia,IDN,1.3,1.3,1.3,1.3,1.3,1.2,1.2,1.1,1.1,1,1,0.9,0.8,0.7
Population growth (annual %),SP.POP.GROW,"Iran, Islamic Rep.",IRN,1.4,1.4,1.4,1.3,1.3,1.5,1.9,2.3,1.8,1.4,1.3,1.1,0.8,0.7
Population growth (annual %),SP.POP.GROW,Iraq,IRQ,1.9,3.6,3.2,3.5,4.5,4.7,3.5,2.7,2.5,2.4,2.4,2.4,2.4,2.3
Population growth (annual %),SP.POP.GROW,Ireland,IRL,2,1,0.5,0.4,0.4,0.5,0.7,0.9,1.1,1.1,1.2,1.4,1,1
Population growth (annual %),SP.POP.GROW,Isle of Man,IMN,1.1,1.1,1.1,0.6,0,-0.2,-0.3,-0.4,-0.2,0.2,0.2,0.2,0.1,0.3
Population growth (annual %),SP.POP.GROW,Israel,ISR,1.8,2.4,1.8,1.8,1.8,1.9,1.9,2,2,1.9,1.9,1.9,1.8,1.6
Population growth (annual %),SP.POP.GROW,Italy,ITA,0.7,0.5,0.3,0.2,0.3,1.2,0.9,-0.1,-0.2,-0.1,-0.2,-1.2,-0.5,-0.6
Population growth (annual %),SP.POP.GROW,Jamaica,JAM,0.4,0.4,0.4,0.4,0.5,0.5,0.4,0.4,0.3,0.2,0.1,0.1,0.2,0.3
Population growth (annual %),SP.POP.GROW,Japan,JPN,0,0,0,-0.2,-0.2,-0.1,-0.1,-0.1,-0.1,-0.1,-0.1,-0.1,-0.3,-0.5
Population growth (annual %),SP.POP.GROW,Jordan,JOR,2.4,2.2,2.2,2.5,1.4,6.5,11.8,9.2,4.8,2.5,2.4,2.3,2.1,2
Population growth (annual %),SP.POP.GROW,Kazakhstan,KAZ,1.9,2,1.4,1.4,1.4,1.4,1.5,1.5,1.4,1.4,1.3,1.3,1.3,1.3
Population growth (annual %),SP.POP.GROW,Kenya,KEN,3,3,2.8,2.7,2.5,2.4,2.3,2.2,2.2,2.2,2,2,2,1.9
Population growth (annual %),SP.POP.GROW,Kiribati,KIR,1.9,1.9,1.9,1.7,1.6,1.5,1.5,1.5,1.5,1.5,1.6,1.6,1.8,1.9
Population growth (annual %),SP.POP.GROW,"Korea, Dem. People's Rep.",PRK,0.5,0.5,0.4,0.4,0.4,0.5,0.5,0.5,0.5,0.5,0.5,0.5,0.4,0.4
Population growth (annual %),SP.POP.GROW,"Korea, Rep.",KOR,0.8,0.5,0.5,0.8,0.5,0.5,0.6,0.5,0.4,0.3,0.4,0.3,0.1,-0.2
Population growth (annual %),SP.POP.GROW,Kosovo,XKX,0.8,0.8,0.8,0.9,0.9,0.6,-0.3,-1.4,-0.6,0.8,0.3,-0.5,0.1,-0.2
Population growth (annual %),SP.POP.GROW,Kuwait,KWT,5.6,5.3,5.2,6.6,7.7,7.2,3.1,3.8,3.5,1.9,4.6,2.8,-1.8,-2.6
Population growth (annual %),SP.POP.GROW,Kyrgyz Republic,KGZ,1,1.2,1.2,1.2,1.7,2,2,2.1,2,1.9,2,2.1,1.9,1.7
Population growth (annual %),SP.POP.GROW,Lao PDR,LAO,1.6,1.5,1.5,1.5,1.4,1.4,1.4,1.4,1.5,1.5,1.5,1.5,1.5,1.4
Population growth (annual %),SP.POP.GROW,Latvia,LVA,-1.1,-1.7,-2.1,-1.8,-1.2,-1.1,-0.9,-0.8,-0.9,-0.9,-0.8,-0.7,-0.7,-0.8
Population growth (annual %),SP.POP.GROW,Lebanon,LBN,1.6,1.3,0.9,1,2.6,9.2,10,2,-2.2,-2.4,-2.6,-2.9,-2.1,-1.2
Population growth (annual %),SP.POP.GROW,Lesotho,LSO,0.6,0.7,0.7,0.7,0.8,0.9,1,1.1,1.2,1.2,1.3,1.3,1.3,1.2
Population growth (annual %),SP.POP.GROW,Liberia,LBR,4.1,3.2,2.9,3.9,3.5,2.2,2.1,2,2,1.9,1.9,1.9,2,2.1
Population growth (annual %),SP.POP.GROW,Libya,LBY,2.1,2.1,2.1,-4.8,-5.3,1.9,1.9,1.5,1.4,1.5,1.5,1.4,1.3,1.2
Population growth (annual %),SP.POP.GROW,Liechtenstein,LIE,0.7,0.8,0.7,0.7,0.9,0.8,0.8,0.7,0.7,0.7,0.8,0.8,0.7,0.7
Population growth (annual %),SP.POP.GROW,Lithuania,LTU,-1,-1.1,-2.1,-2.3,-1.3,-1,-0.9,-0.9,-1.3,-1.4,-1,-0.3,0,0.2
Population growth (annual %),SP.POP.GROW,Luxembourg,LUX,1.8,1.9,1.8,2.2,2.4,2.3,2.4,2.4,2.2,2.4,1.9,2,1.7,1.5
Population growth (annual %),SP.POP.GROW,"Macao SAR, China",MAC,2.6,2.6,2.6,2.4,2,1.8,1.8,1.8,1.8,1.9,1.9,1.9,1.9,1.5
Population growth (annual %),SP.POP.GROW,North Macedonia,MKD,0.2,0.2,0.2,0.2,0.1,0.1,0.2,0.1,0.1,0.1,0.1,0,-0.2,-0.4
Population growth (annual %),SP.POP.GROW,Madagascar,MDG,2.9,2.9,2.9,2.8,2.7,2.7,2.6,2.6,2.6,2.6,2.6,2.5,2.5,2.4
Population growth (annual %),SP.POP.GROW,Malawi,MWI,2.9,2.9,2.9,2.9,2.8,2.8,2.8,2.8,2.7,2.7,2.7,2.7,2.7,2.6
Population growth (annual %),SP.POP.GROW,Malaysia,MYS,2.1,2,1.8,1.6,1.6,1.6,1.6,1.5,1.5,1.4,1.3,1.2,1.2,1.1
Population growth (annual %),SP.POP.GROW,Maldives,MDV,3.6,3.5,3.5,3.5,3.4,3.3,3.9,4.4,4.2,3.9,3.6,3,1.9,1.4
Population growth (annual %),SP.POP.GROW,Mali,MLI,3.3,3.3,3.2,3.2,2.9,2.9,3.2,3.1,3.2,3.2,3.2,3.1,3.1,3.2
Population growth (annual %),SP.POP.GROW,Malta,MLT,0.7,0.8,0.5,0.4,0.9,1.4,2,2.4,2.3,2.7,3.5,3.9,2.2,0.6
Population growth (annual %),SP.POP.GROW,Marshall Islands,MHL,-0.4,-0.4,-0.3,-0.8,-1.5,-1.6,-1.8,-2,-2.2,-2.4,-2.6,-2.8,-3,-3.2
Population growth (annual %),SP.POP.GROW,Mauritania,MRT,2.5,2.7,2.9,3,3.1,2.9,2.6,2.6,2.6,2.6,2.6,2.6,2.6,2.6
Population growth (annual %),SP.POP.GROW,Mauritius,MUS,0.4,0.3,0.2,0.2,0.3,0.2,0.2,0.1,0.1,0.1,0.1,0,0,0
Population growth (annual %),SP.POP.GROW,Mexico,MEX,1.3,1.2,1.3,1.4,1.4,1.3,1.2,1.2,1.1,1.1,1,0.9,0.7,0.6
Population growth (annual %),SP.POP.GROW,"Micronesia, Fed. Sts.",FSM,-0.8,-0.8,-0.3,0.3,0.3,0.3,0.4,0.4,0.4,0.5,0.5,0.4,0.7,0.9
Population growth (annual %),SP.POP.GROW,Moldova,MDA,-0.2,-0.1,-0.1,-0.1,0,0,-0.1,-0.8,-1.2,-1.7,-1.8,-1.6,-1.1,-0.8
Population growth (annual %),SP.POP.GROW,Monaco,MCO,0.1,1.7,2.4,2.3,2.2,2.1,1.9,1.8,0.8,-0.1,0,0,-0.3,-0.6
Population growth (annual %),SP.POP.GROW,Mongolia,MNG,1.1,1.2,1.3,1.5,1.7,1.9,2,2.1,2.2,2.2,2.2,2.1,1.9,1.6
Population growth (annual %),SP.POP.GROW,Montenegro,MNE,0.2,0.2,0.2,0.1,0.1,0.1,0.1,0.1,0,0,0,0,-0.1,-0.3
Population growth (annual %),SP.POP.GROW,Morocco,MAR,1.3,1.3,1.3,1.3,1.4,1.3,1.3,1.3,1.2,1.2,1.1,1,1.1,1.1
Population growth (annual %),SP.POP.GROW,Mozambique,MOZ,2.6,2.7,2.8,2.9,3,3.1,3.1,3,3.1,3.1,2.9,2.9,2.9,2.8
Population growth (annual %),SP.POP.GROW,Myanmar,MMR,0.6,0.6,0.8,0.8,0.8,0.9,0.8,0.8,0.8,0.8,0.7,0.7,0.7,0.7
Population growth (annual %),SP.POP.GROW,Namibia,NAM,1.3,1.4,1.5,1.6,1.6,1.7,1.7,1.8,1.8,1.8,1.7,1.7,1.7,1.6
Population growth (annual %),SP.POP.GROW,Nauru,NRU,-0.2,-0.1,0.1,0.4,1.6,2.4,2.3,2.2,2.2,2.1,2.1,1.7,1.5,1.6
Population growth (annual %),SP.POP.GROW,Nepal,NPL,0.6,0.5,0.5,0.4,0.2,0.2,0.3,0.5,0.9,1.1,1.1,1.1,1.8,2.3
Population growth (annual %),SP.POP.GROW,Netherlands,NLD,0.4,0.5,0.5,0.5,0.4,0.3,0.4,0.4,0.5,0.6,0.6,0.7,0.6,0.5
Population growth (annual %),SP.POP.GROW,New Caledonia,NCL,1.5,1.3,1.5,1.8,1.8,1.8,1.7,0.5,0.3,0.2,0.1,0,0,0
Population growth (annual %),SP.POP.GROW,New Zealand,NZL,0.8,1,1.1,0.8,0.5,0.8,1.7,2,2.2,2.1,1.8,1.6,2.2,0.6
Population growth (annual %),SP.POP.GROW,Nicaragua,NIC,1.4,1.4,1.5,1.5,1.5,1.5,1.4,1.4,1.4,1.4,1.4,1.4,1.4,1.4
Population growth (annual %),SP.POP.GROW,Niger,NER,3.7,3.7,3.7,3.7,3.8,3.8,3.8,3.8,3.9,3.8,3.8,3.8,3.7,3.7
Population growth (annual %),SP.POP.GROW,Nigeria,NGA,2.7,2.7,2.7,2.8,2.7,2.7,2.6,2.5,2.5,2.5,2.5,2.4,2.4,2.4
Population growth (annual %),SP.POP.GROW,Northern Mariana Islands,MNP,-4.9,-5.1,-5.3,-2.9,-0.3,-0.4,-0.5,-0.7,-0.7,-0.8,-0.8,-0.9,-0.5,-0.2
Population growth (annual %),SP.POP.GROW,Norway,NOR,1.2,1.3,1.2,1.3,1.3,1.2,1.1,1,0.9,0.8,0.7,0.7,0.6,0.5
Population growth (annual %),SP.POP.GROW,Oman,OMN,1.7,1.7,6.6,10.7,9.8,7.7,4.9,4.5,4.8,3.2,1.3,0,-1.3,-0.5
Population growth (annual %),SP.POP.GROW,Pakistan,PAK,2.2,2.2,2.3,2.1,1.8,1.5,1.4,1.3,1.2,1.3,1.5,1.6,1.7,1.8
Population growth (annual %),SP.POP.GROW,Palau,PLW,-1.4,-1.5,-1.5,-1.6,-1.6,-0.8,-0.1,0,0.1,0.1,0.2,0.3,0.3,0.3
Population growth (annual %),SP.POP.GROW,Panama,PAN,1.8,1.8,1.8,1.8,1.8,1.8,1.7,1.7,1.7,1.7,1.7,1.6,1.5,1.3
Population growth (annual %),SP.POP.GROW,Papua New Guinea,PNG,3.1,3,3,2.9,2.8,2.7,2.6,2.5,2.5,2.4,2.3,2.3,2.1,2
Population growth (annual %),SP.POP.GROW,Paraguay,PRY,1,1,1.2,1.3,1.3,1.4,1.4,1.4,1.4,1.4,1.4,1.3,1.3,1.3
Population growth (annual %),SP.POP.GROW,Peru,PER,0.7,0.7,0.8,0.8,0.9,1,1,1.2,1.4,1.5,1.9,1.9,1.5,1.2
Population growth (annual %),SP.POP.GROW,Philippines,PHL,1.9,1.8,1.8,1.8,1.7,1.7,1.6,1.7,1.8,1.8,1.7,1.7,1.6,1.5
Population growth (annual %),SP.POP.GROW,Poland,POL,0,0.1,-0.3,0.1,0,-0.1,-0.1,-0.1,0,0,0,0,-0.2,-0.4
Population growth (annual %),SP.POP.GROW,Portugal,PRT,0.1,0.1,0,-0.1,-0.4,-0.5,-0.5,-0.4,-0.3,-0.2,-0.2,0,0.1,0.3
Population growth (annual %),SP.POP.GROW,Puerto Rico,PRI,-0.6,-0.5,-0.5,-1.2,-1.2,-1.1,-1.6,-1.8,-1.9,-2.4,-4,0,2.7,-0.5
Population growth (annual %),SP.POP.GROW,Qatar,QAT,15.9,10.9,6.2,5.2,5.5,6.6,8.4,8.7,7.2,4.4,2,1.5,-1.7,-2.6
Population growth (annual %),SP.POP.GROW,Romania,ROU,-1.7,-0.8,-0.6,-0.5,-0.4,-0.4,-0.4,-0.5,-0.6,-0.6,-0.6,-0.5,-0.6,-0.8
Population growth (annual %),SP.POP.GROW,Russian Federation,RUS,0,0,0,0.1,0.2,0.2,0.2,0.2,0.2,0.1,0,0,-0.2,-0.4
Population growth (annual %),SP.POP.GROW,Rwanda,RWA,2.7,2.6,2.6,2.6,2.5,2.4,2.4,2.4,2.4,2.5,2.4,2.4,2.4,2.4
Population growth (annual %),SP.POP.GROW,Samoa,WSM,0.7,0.7,0.8,0.9,0.9,0.9,0.9,0.9,1,1,1,1,1.4,1.8
Population growth (annual %),SP.POP.GROW,San Marino,SMR,1.1,1.2,1.8,2.8,1.9,0.5,0.3,0.5,0.8,0.7,0.3,0.1,-0.5,-0.8
Population growth (annual %),SP.POP.GROW,Sao Tome and Principe,STP,2.4,2.3,2.2,2.1,2.1,2,1.9,1.8,1.7,1.6,1.6,1.5,1.9,2
Population growth (annual %),SP.POP.GROW,Saudi Arabia,SAU,3.9,3.7,3.2,2.5,2.2,2.1,2,1.9,2,2.3,2.4,2.3,0.5,-0.1
Population growth (annual %),SP.POP.GROW,Senegal,SEN,2.6,2.7,2.7,2.7,2.7,2.7,2.7,2.7,2.7,2.7,2.7,2.7,2.7,2.6
Population growth (annual %),SP.POP.GROW,Serbia,SRB,-0.4,-0.4,-0.4,-0.8,-0.5,-0.5,-0.5,-0.5,-0.5,-0.5,-0.5,-0.5,-0.7,-0.9
Population growth (annual %),SP.POP.GROW,Seychelles,SYC,2.2,0.4,2.8,-2.6,1,1.8,1.6,2.2,1.3,1.2,1,0.9,0.9,0.8
Population growth (annual %),SP.POP.GROW,Sierra Leone,SLE,2.5,2.7,2.8,2.7,2.6,2.6,2.5,2.4,2.4,2.4,2.4,2.3,2.3,2.2
Population growth (annual %),SP.POP.GROW,Singapore,SGP,5.3,3,1.8,2.1,2.5,1.6,1.3,1.2,1.3,0.1,0.5,1.1,-0.3,-4.2
Population growth (annual %),SP.POP.GROW,Sint Maarten (Dutch part),SXM,0.5,0.8,-0.5,-1.8,3.5,5.5,2.9,3,2.9,1.5,0.8,1.7,1.7,1.3
Population growth (annual %),SP.POP.GROW,Slovak Republic,SVK,0.1,0.1,0.1,0.1,0.2,0.1,0.1,0.1,0.1,0.2,0.1,0.1,0.1,-0.2
Population growth (annual %),SP.POP.GROW,Slovenia,SVN,0.2,0.9,0.4,0.2,0.2,0.1,0.1,0.1,0.1,0.1,0.4,0.7,0.7,0.3
Population growth (annual %),SP.POP.GROW,Solomon Islands,SLB,2.2,2.3,2.4,2.4,2.5,2.5,2.5,2.5,2.5,2.4,2.4,2.4,2.4,2.4
Population growth (annual %),SP.POP.GROW,Somalia,SOM,2.9,2.5,2.5,1.6,1.8,3.3,3.5,3.4,3.8,3.9,3.6,3.6,3.4,3.1
Population growth (annual %),SP.POP.GROW,South Africa,ZAF,1.1,1.2,1.2,1.3,1.3,1.4,1.6,2.1,1,0.4,1.2,1.3,1.2,1
Population growth (annual %),SP.POP.GROW,South Sudan,SSD,4.7,4.5,5.1,5.3,4.4,3.7,1,-0.2,-1.2,-3.8,-2.5,0.5,1.5,1.3
Population growth (annual %),SP.POP.GROW,Spain,ESP,1.6,0.9,0.5,0.4,0.1,-0.3,-0.3,-0.1,0.1,0.2,0.4,0.7,0.5,0.1
Population growth (annual %),SP.POP.GROW,Sri Lanka,LKA,0.7,0.7,0.7,0.7,0.1,0.8,0.9,0.9,1.1,1.1,1,0.6,0.5,1.1
Population growth (annual %),SP.POP.GROW,St. Kitts and Nevis,KNA,0.3,0.3,0.2,0.4,0.3,0.1,0,0,0,0,-0.1,-0.1,-0.1,-0.1
Population growth (annual %),SP.POP.GROW,St. Lucia,LCA,0.6,0.7,0.7,0.7,0.6,0.5,0.5,0.5,0.4,0.4,0.4,0.4,0.4,0.2
Population growth (annual %),SP.POP.GROW,St. Martin (French part),MAF,1.9,1.6,0.9,-0.3,-0.9,-1.1,-1.1,-0.7,-0.6,-0.9,-1.9,-2.2,-1.7,-1.9
Population growth (annual %),SP.POP.GROW,St. Vincent and the Grenadines,VCT,-0.5,-0.4,-0.5,-0.6,-0.6,-0.6,-0.5,-0.4,-0.5,-0.4,-0.3,-0.3,-0.3,-0.3
Population growth (annual %),SP.POP.GROW,Sudan,SDN,2.8,2.7,2.4,2,2.1,2.3,2.8,3.1,3.1,3.3,3.2,2.9,2.8,2.7
Population growth (annual %),SP.POP.GROW,Suriname,SUR,1.1,1.1,1.1,1.1,1.1,1,1,1,1,1,1,1.1,1.1,1
Population growth (annual %),SP.POP.GROW,Eswatini,SWZ,0.5,0.5,0.5,0.5,0.5,0.6,0.7,0.7,0.8,0.8,0.8,0.8,0.9,1
Population growth (annual %),SP.POP.GROW,Sweden,SWE,0.8,0.9,0.9,0.8,0.7,0.8,1,1.1,1.3,1.3,1.2,1,0.7,0.6
Population growth (annual %),SP.POP.GROW,Switzerland,CHE,1.3,1.2,1,1.1,1.1,1.1,1.2,1.1,1.1,0.9,0.7,0.7,0.7,0.8
Population growth (annual %),SP.POP.GROW,Syrian Arab Republic,SYR,3.7,1.6,2.3,1.7,-0.6,-5,-6.9,-4.4,-1.3,0.1,1.8,3.9,3.3,2.6
Population growth (annual %),SP.POP.GROW,Tajikistan,TJK,1.9,1.9,2,2.1,2.2,2.2,2.3,2.3,2.3,2.3,2.2,2.3,2.2,2.1
Population growth (annual %),SP.POP.GROW,Tanzania,TZA,2.7,2.5,2.6,2.9,2.9,3,3.1,3.3,3.5,3.4,3.2,3,3,3
Population growth (annual %),SP.POP.GROW,Thailand,THA,0.7,0.7,0.7,0.6,0.6,0.6,0.5,0.5,0.4,0.4,0.3,0.3,0.2,0.2
Population growth (annual %),SP.POP.GROW,Timor-Leste,TLS,2.3,2.1,2.1,2.2,2.2,2.1,2,1.8,1.5,1.5,1.5,1.5,1.5,1.6
Population growth (annual %),SP.POP.GROW,Togo,TGO,2.9,2.8,2.7,2.7,2.6,2.6,2.5,2.5,2.5,2.5,2.4,2.4,2.4,2.4
Population growth (annual %),SP.POP.GROW,Tonga,TON,0.3,0.2,0.2,0.2,-0.1,-0.4,-0.4,-0.5,-0.4,-0.3,-0.3,-0.2,0.3,0.7
Population growth (annual %),SP.POP.GROW,Trinidad and Tobago,TTO,0.6,0.6,0.6,0.7,0.7,0.7,0.7,0.7,0.6,0.6,1.7,1,-0.1,0.5
Population growth (annual %),SP.POP.GROW,Tunisia,TUN,0.9,1,1,1.3,1.3,1.1,1.1,1.1,1.1,1.1,1,1,0.9,0.8
Population growth (annual %),SP.POP.GROW,Turkiye,TUR,1.2,1.3,1.3,1.3,1.5,1.7,2,1.9,1.7,1.3,0.9,0.8,0.8,0.8
Population growth (annual %),SP.POP.GROW,Turkmenistan,TKM,1.5,1.6,1.7,1.7,1.8,1.8,1.8,1.8,1.8,1.7,1.6,1.5,1.5,1.5
Population growth (annual %),SP.POP.GROW,Turks and Caicos Islands,TCA,4.3,4.1,3.9,3.6,4,4.6,4.1,4.3,4.6,4.1,4,3.8,2.7,1.9
Population growth (annual %),SP.POP.GROW,Tuvalu,TUV,1.2,1.3,1.4,1.4,1.4,0.6,-0.2,-0.2,-0.2,-0.2,0.3,0.8,1,1.2
Population growth (annual %),SP.POP.GROW,Uganda,UGA,2.9,2.9,2.9,2.9,2.9,2.9,3,3.1,3.3,3.5,3.4,3.4,3.3,3.2
Population growth (annual %),SP.POP.GROW,Ukraine,UKR,-0.5,-0.4,-0.4,-0.4,-0.2,-0.2,-0.5,-0.3,-0.3,-0.4,-0.5,-0.5,-0.6,-0.8
Population growth (annual %),SP.POP.GROW,United Arab Emirates,ARE,17.4,13.4,5.9,1.1,1,1,1,0.9,0.9,0.8,0.8,0.8,0.8,0.8
Population growth (annual %),SP.POP.GROW,United Kingdom,GBR,0.8,0.8,0.8,0.8,0.7,0.7,0.7,0.8,0.8,0.7,0.6,0.6,0.4,0.4
Population growth (annual %),SP.POP.GROW,United States,USA,0.9,0.9,0.8,0.7,0.7,0.7,0.7,0.7,0.7,0.6,0.5,0.5,1,0.1
Population growth (annual %),SP.POP.GROW,Uruguay,URY,0.2,0.2,0.3,0.3,0.3,0.3,0.3,0.3,0.3,0.2,0.1,0,0,-0.1
Population growth (annual %),SP.POP.GROW,Uzbekistan,UZB,1.6,1.7,2.8,2.7,1.5,1.6,1.7,1.7,1.7,1.7,1.7,1.9,1.9,2
Population growth (annual %),SP.POP.GROW,Vanuatu,VUT,2.4,2.4,2.4,2.4,2.4,2.4,2.4,2.4,2.4,2.4,2.4,2.4,2.4,2.4
Population growth (annual %),SP.POP.GROW,"Venezuela, RB",VEN,1.5,1.4,1.4,1.3,1.3,1.2,1.2,1.1,0.7,-0.6,-2.4,-2.9,-1.7,-1
Population growth (annual %),SP.POP.GROW,Vietnam,VNM,1,1,1.1,1.1,1.1,1.1,1.1,1,1,1,0.9,0.9,0.9,0.8
Population growth (annual %),SP.POP.GROW,Virgin Islands (U.S.),VIR,0.1,0,0,-0.1,-0.1,-0.1,-0.1,-0.2,-0.2,-0.2,-0.3,-0.3,-0.4,-0.4
Population growth (annual %),SP.POP.GROW,West Bank and Gaza,PSE,2.8,2.7,2.6,2.5,2.5,2.4,2.3,2.3,2.2,2,2.5,2.5,2.5,2.5
Population growth (annual %),SP.POP.GROW,"Yemen, Rep.",YEM,3,3,2.9,2.9,2.9,2.9,2.8,2.7,2.6,2.6,2.5,2.4,2.3,2.1
Population growth (annual %),SP.POP.GROW,Zambia,ZMB,3.6,3.6,3.5,3.4,3.3,3.3,3.2,3.2,3.1,3.1,3.1,3,2.9,2.8
Population growth (annual %),SP.POP.GROW,Zimbabwe,ZWE,0.8,1,1.3,1.4,1.8,2.2,2.2,2.1,2.1,2,2,2,2,2
GDP growth (annual %),NY.GDP.MKTP.KD.ZG,Afghanistan,AFG,3.9,21.4,14.4,0.4,12.8,5.6,2.7,1.5,2.3,2.6,1.2,3.9,-2.4,-20.7
GDP growth (annual %),NY.GDP.MKTP.KD.ZG,Albania,ALB,7.5,3.4,3.7,2.5,1.4,1,1.8,2.2,3.3,3.8,4,2.1,-3.5,8.5
GDP growth (annual %),NY.GDP.MKTP.KD.ZG,Algeria,DZA,2.4,1.6,3.6,2.9,3.4,2.8,3.8,3.7,3.2,1.3,1.2,1,-5.1,3.5
GDP growth (annual %),NY.GDP.MKTP.KD.ZG,American Samoa,ASM,-2.7,-4.2,0.3,0,-4.3,-2.5,1.8,3.1,-1.7,-7,2.7,-0.5,5.1,-1.9
GDP growth (annual %),NY.GDP.MKTP.KD.ZG,Andorra,AND,-5.6,-5.3,-2,0,-5,-3.5,2.5,1.4,3.7,0.3,1.6,2,-11.2,8.9
GDP growth (annual %),NY.GDP.MKTP.KD.ZG,Angola,AGO,11.2,0.9,4.9,3.5,8.5,4.9,4.8,0.9,-2.6,-0.2,-1.3,-0.7,-5.6,1.1
GDP growth (annual %),NY.GDP.MKTP.KD.ZG,Antigua and Barbuda,ATG,0,-12,-7.8,-2,3.4,-0.6,3.8,3.8,5.5,3.1,6.9,4.9,-20.2,5.3
GDP growth (annual %),NY.GDP.MKTP.KD.ZG,Argentina,ARG,4.1,-5.9,10.1,6,-1,2.4,-2.5,2.7,-2.1,2.8,-2.6,-2,-9.9,10.4
GDP growth (annual %),NY.GDP.MKTP.KD.ZG,Armenia,ARM,6.9,-14.1,2.2,4.7,7.2,3.3,3.6,3.2,0.2,7.5,5.2,7.6,-7.2,5.7
GDP growth (annual %),NY.GDP.MKTP.KD.ZG,Aruba,ABW,1.8,-11.7,-2.7,3.4,-1,6.4,0,3.5,2.1,5.5,5.3,0.6,-18.6,17.2
GDP growth (annual %),NY.GDP.MKTP.KD.ZG,Australia,AUS,3.6,1.9,2.2,2.4,3.9,2.6,2.6,2.2,2.7,2.3,2.9,2.2,-0.1,2.2
GDP growth (annual %),NY.GDP.MKTP.KD.ZG,Austria,AUT,1.5,-3.8,1.8,2.9,0.7,0,0.7,1,2,2.3,2.4,1.5,-6.5,4.6
GDP growth (annual %),NY.GDP.MKTP.KD.ZG,Azerbaijan,AZE,10.8,9.3,5,0.1,2.2,5.8,2.8,1.1,-3.1,0.2,1.5,2.5,-4.3,5.6
GDP growth (annual %),NY.GDP.MKTP.KD.ZG,"Bahamas, The",BHS,-2.3,-4.2,1.5,0.6,3.1,-2.9,1.8,1,-0.9,3.1,1.8,1.9,-23.8,13.7
GDP growth (annual %),NY.GDP.MKTP.KD.ZG,Bahrain,BHR,6.2,2.5,4.3,2,3.7,5.4,4.4,2.5,3.6,4.3,2.1,2.2,-4.9,2.2
GDP growth (annual %),NY.GDP.MKTP.KD.ZG,Bangladesh,BGD,6,5,5.6,6.5,6.5,6,6.1,6.6,7.1,6.6,7.3,7.9,3.4,6.9
GDP growth (annual %),NY.GDP.MKTP.KD.ZG,Barbados,BRB,0.6,-5,-2.4,-0.7,-0.4,-1.4,-0.1,2.5,2.5,0.5,-1,-0.1,-13.3,-0.2
GDP growth (annual %),NY.GDP.MKTP.KD.ZG,Belarus,BLR,10.2,0.2,7.8,5.4,1.7,1,1.7,-3.8,-2.5,2.5,3.1,1.4,-0.7,2.3
GDP growth (annual %),NY.GDP.MKTP.KD.ZG,Belgium,BEL,0.4,-2,2.9,1.7,0.7,0.5,1.6,2,1.3,1.6,1.8,2.2,-5.4,6.1
GDP growth (annual %),NY.GDP.MKTP.KD.ZG,Belize,BLZ,-1.5,-0.5,1.3,-0.1,3.9,4.5,4.1,3.4,0.1,-1.7,1.1,4.5,-13.4,15.2
GDP growth (annual %),NY.GDP.MKTP.KD.ZG,Benin,BEN,4.9,2.3,2.1,3,4.8,7.2,6.4,1.8,3.3,5.7,6.7,6.9,3.8,7.2
GDP growth (annual %),NY.GDP.MKTP.KD.ZG,Bermuda,BMU,-1.9,-5.6,-2.5,-3.7,-5.3,-0.3,-3.7,0.8,-0.7,3.6,-0.4,0.3,-6.8,5.4
GDP growth (annual %),NY.GDP.MKTP.KD.ZG,Bhutan,BTN,4.8,6.7,11.9,8,5.1,2.1,5.8,6.6,8.1,4.7,3.1,5.8,-10,4.1
GDP growth (annual %),NY.GDP.MKTP.KD.ZG,Bolivia,BOL,6.1,3.4,4.1,5.2,5.1,6.8,5.5,4.9,4.3,4.2,4.2,2.2,-8.7,6.1
GDP growth (annual %),NY.GDP.MKTP.KD.ZG,Bosnia and Herzegovina,BIH,5.4,-3,0.9,1,-0.8,2.3,1.2,3.1,3.1,3.2,3.7,2.8,-3.1,7.5
GDP growth (annual %),NY.GDP.MKTP.KD.ZG,Botswana,BWA,3.3,-14.1,10.1,6.8,-0.2,11.1,5.7,-4.9,7.2,4.1,4.2,3,-8.7,11.4
GDP growth (annual %),NY.GDP.MKTP.KD.ZG,Brazil,BRA,5.1,-0.1,7.5,4,1.9,3,0.5,-3.5,-3.3,1.3,1.8,1.2,-3.9,4.6
GDP growth (annual %),NY.GDP.MKTP.KD.ZG,British Virgin Islands,VGB,..,..,..,..,..,..,..,..,..,..,..,..,..,..
GDP growth (annual %),NY.GDP.MKTP.KD.ZG,Brunei Darussalam,BRN,-1.9,-1.8,2.6,3.7,0.9,-2.1,-2.5,-0.4,-2.5,1.3,0.1,3.9,1.1,-1.6
GDP growth (annual %),NY.GDP.MKTP.KD.ZG,Bulgaria,BGR,6.1,-3.3,1.5,2.1,0.8,-0.6,1,3.4,3,2.8,2.7,4,-4,7.6
GDP growth (annual %),NY.GDP.MKTP.KD.ZG,Burkina Faso,BFA,5.8,3,8.4,6.6,6.5,5.8,4.3,3.9,6,6.2,6.6,5.7,1.9,6.9
GDP growth (annual %),NY.GDP.MKTP.KD.ZG,Burundi,BDI,4.9,3.8,5.1,4,4.4,4.9,4.2,-3.9,-0.6,0.5,1.6,1.8,0.3,1.8
GDP growth (annual %),NY.GDP.MKTP.KD.ZG,Cabo Verde,CPV,6.7,-1.3,1.5,4,1.1,0.8,0.6,1,4.7,3.7,4.5,5.7,-14.8,7
GDP growth (annual %),NY.GDP.MKTP.KD.ZG,Cambodia,KHM,6.7,0.1,6,7.1,7.3,7.4,7.1,7,6.9,7,7.5,7.1,-3.1,3
GDP growth (annual %),NY.GDP.MKTP.KD.ZG,Cameroon,CMR,2.8,2.6,2.9,3.4,4.6,5,5.7,5.7,4.5,3.5,4,3.5,0.3,3.6
GDP growth (annual %),NY.GDP.MKTP.KD.ZG,Canada,CAN,1,-2.9,3.1,3.1,1.8,2.3,2.9,0.7,1,3,2.8,1.9,-5.2,4.5
GDP growth (annual %),NY.GDP.MKTP.KD.ZG,Cayman Islands,CYM,-0.4,-7.2,-2.7,1.2,1.2,1.3,2.7,2.8,3.2,3.2,4.3,3.9,-5.7,1.8
GDP growth (annual %),NY.GDP.MKTP.KD.ZG,Central African Republic,CAF,2.1,8.6,4.6,4.2,5.1,-36.4,0.1,4.3,4.8,4.5,3.8,3.1,0.9,0.9
GDP growth (annual %),NY.GDP.MKTP.KD.ZG,Chad,TCD,3.1,4.2,13.6,0.1,8.9,5.7,6.9,2.8,-6.3,-3,2.4,3.2,-1.6,-1.2
GDP growth (annual %),NY.GDP.MKTP.KD.ZG,Channel Islands,CHI,..,..,..,..,..,..,..,..,..,..,..,..,..,..
GDP growth (annual %),NY.GDP.MKTP.KD.ZG,Chile,CHL,3.8,-1.1,5.9,6.2,6.2,3.3,1.8,2.2,1.8,1.4,4,0.8,-6,11.7
GDP growth (annual %),NY.GDP.MKTP.KD.ZG,China,CHN,9.7,9.4,10.6,9.6,7.9,7.8,7.4,7,6.8,6.9,6.7,6,2.2,8.1
GDP growth (annual %),NY.GDP.MKTP.KD.ZG,Colombia,COL,3.3,1.1,4.5,6.9,3.9,5.1,4.5,3,2.1,1.4,2.6,3.2,-7,10.7
GDP growth (annual %),NY.GDP.MKTP.KD.ZG,Comoros,COM,4,3.2,3.8,4.1,3.2,4.5,2.1,1.1,3.3,3.8,3.6,1.8,-0.2,2.1
GDP growth (annual %),NY.GDP.MKTP.KD.ZG,"Congo, Dem. Rep.",COD,6.2,2.9,7.1,6.9,7.1,8.5,9.5,6.9,2.4,3.7,5.8,4.4,1.7,6.2
GDP growth (annual %),NY.GDP.MKTP.KD.ZG,"Congo, Rep.",COG,6.3,11.6,9.9,2.2,9.9,-0.7,6.7,-3.6,-10.8,-4.4,-4.8,-0.1,-6.2,-2.2
GDP growth (annual %),NY.GDP.MKTP.KD.ZG,Costa Rica,CRI,4.7,-0.9,5.4,4.4,4.9,2.5,3.5,3.7,4.2,4.2,2.6,2.4,-4.1,7.6
GDP growth (annual %),NY.GDP.MKTP.KD.ZG,Cote d'Ivoire,CIV,4.8,3.6,6.8,-5.4,7.6,10.8,9.4,7.2,7.2,7.4,6.9,6.2,2,7
GDP growth (annual %),NY.GDP.MKTP.KD.ZG,Croatia,HRV,2,-7.2,-1.2,-0.1,-2.3,-0.4,-0.4,2.5,3.6,3.4,2.8,3.4,-8.6,13.1
GDP growth (annual %),NY.GDP.MKTP.KD.ZG,Cuba,CUB,4.1,1.5,2.4,2.8,3,2.7,1,4.4,0.5,1.8,2.2,-0.2,-10.9,1.3
GDP growth (annual %),NY.GDP.MKTP.KD.ZG,Curacao,CUW,2.2,-0.5,0.1,0.6,-0.1,-0.8,-1.2,0.3,-0.9,-1.7,-2.2,-3.4,-18.4,4.2
GDP growth (annual %),NY.GDP.MKTP.KD.ZG,Cyprus,CYP,3.6,-2,2.3,0.4,-3.4,-6.6,-1.8,3.4,6.6,5.7,5.6,5.5,-4.4,6.6
GDP growth (annual %),NY.GDP.MKTP.KD.ZG,Czechia,CZE,2.7,-4.7,2.4,1.8,-0.8,0,2.3,5.4,2.5,5.2,3.2,3,-5.5,3.5
GDP growth (annual %),NY.GDP.MKTP.KD.ZG,Denmark,DNK,-0.5,-4.9,1.9,1.3,0.2,0.9,1.6,2.3,3.2,2.8,2,1.5,-2,4.9
GDP growth (annual %),NY.GDP.MKTP.KD.ZG,Djibouti,DJI,..,..,..,..,..,..,7.1,7.5,7.1,5.5,4.8,5.5,1.2,4.8
GDP growth (annual %),NY.GDP.MKTP.KD.ZG,Dominica,DMA,7.1,-1.2,0.7,-0.2,-1.1,-1,4.8,-2.7,2.8,-6.6,3.5,5.5,-16.6,6.7
GDP growth (annual %),NY.GDP.MKTP.KD.ZG,Dominican Republic,DOM,3.2,0.9,8.3,3.1,2.7,4.9,7.1,6.9,6.7,4.7,7,5.1,-6.7,12.3
GDP growth (annual %),NY.GDP.MKTP.KD.ZG,Ecuador,ECU,6.4,0.6,3.5,7.9,5.6,4.9,3.8,0.1,-1.2,2.4,1.3,0,-7.8,4.2
GDP growth (annual %),NY.GDP.MKTP.KD.ZG,"Egypt, Arab Rep.",EGY,7.2,4.7,5.1,1.8,2.2,2.2,2.9,4.4,4.3,4.2,5.3,5.6,3.6,3.3
GDP growth (annual %),NY.GDP.MKTP.KD.ZG,El Salvador,SLV,2.1,-2.1,2.1,3.8,2.8,2.2,1.7,2.4,2.5,2.2,2.4,2.4,-8.2,10.3
GDP growth (annual %),NY.GDP.MKTP.KD.ZG,Equatorial Guinea,GNQ,17.8,1.3,-8.9,6.5,8.3,-4.1,0.4,-9.1,-8.8,-5.7,-6.2,-5.5,-4.2,-0.9
GDP growth (annual %),NY.GDP.MKTP.KD.ZG,Eritrea,ERI,-9.8,3.9,2.2,8.7,..,..,..,..,..,..,..,..,..,..
GDP growth (annual %),NY.GDP.MKTP.KD.ZG,Estonia,EST,-5.1,-14.6,2.4,7.3,3.2,1.5,3,1.9,3.2,5.8,3.8,3.7,-0.6,8
GDP growth (annual %),NY.GDP.MKTP.KD.ZG,Ethiopia,ETH,10.8,8.8,12.6,11.2,8.6,10.6,10.3,10.4,9.4,9.6,6.8,8.4,6.1,5.6
GDP growth (annual %),NY.GDP.MKTP.KD.ZG,Faroe Islands,FRO,..,..,..,..,..,..,..,..,..,..,..,..,..,..
GDP growth (annual %),NY.GDP.MKTP.KD.ZG,Fiji,FJI,1,-1.4,3,2.7,1.4,4.7,5.6,4.5,2.4,5.4,3.8,-0.6,-17,-5.1
GDP growth (annual %),NY.GDP.MKTP.KD.ZG,Finland,FIN,0.8,-8.1,3.2,2.5,-1.4,-0.9,-0.4,0.5,2.8,3.2,1.1,1.2,-2.2,3
GDP growth (annual %),NY.GDP.MKTP.KD.ZG,France,FRA,0.3,-2.9,1.9,2.2,0.3,0.6,1,1.1,1.1,2.3,1.9,1.8,-7.8,6.8
GDP growth (annual %),NY.GDP.MKTP.KD.ZG,French Polynesia,PYF,-3.7,-3.5,-4.7,-5.4,-2.3,0.4,1,3.4,3.4,2.1,2.8,2.4,-10,1
GDP growth (annual %),NY.GDP.MKTP.KD.ZG,Gabon,GAB,-3.3,0.1,7.1,7.1,5.3,5.6,4.3,3.9,2.1,0.5,0.8,3.9,-1.8,1.5
GDP growth (annual %),NY.GDP.MKTP.KD.ZG,"Gambia, The",GMB,6.3,6.7,5.9,-8.1,5.2,2.9,-1.4,4.1,1.9,4.8,7.2,6.2,0.6,4.3
GDP growth (annual %),NY.GDP.MKTP.KD.ZG,Georgia,GEO,2.4,-3.7,6.2,7.4,6.4,3.6,4.4,3,2.9,4.8,4.8,5,-6.8,10.5
GDP growth (annual %),NY.GDP.MKTP.KD.ZG,Germany,DEU,1,-5.7,4.2,3.9,0.4,0.4,2.2,1.5,2.2,2.7,1,1.1,-3.7,2.6
GDP growth (annual %),NY.GDP.MKTP.KD.ZG,Ghana,GHA,9.1,4.8,7.9,14,9.3,7.3,2.9,2.1,3.4,8.1,6.2,6.5,0.5,5.4
GDP growth (annual %),NY.GDP.MKTP.KD.ZG,Gibraltar,GIB,..,..,..,..,..,..,..,..,..,..,..,..,..,..
GDP growth (annual %),NY.GDP.MKTP.KD.ZG,Greece,GRC,-0.3,-4.3,-5.5,-10.1,-7.1,-2.5,0.5,-0.2,-0.5,1.1,1.7,1.9,-9,8.4
GDP growth (annual %),NY.GDP.MKTP.KD.ZG,Greenland,GRL,6.2,0.9,1.7,-0.5,1.4,-1.3,4.7,-2.5,4.7,0.1,0.6,2.3,0.4,..
GDP growth (annual %),NY.GDP.MKTP.KD.ZG,Grenada,GRD,0.9,-6.6,-0.5,0.8,-1.2,2.4,7.3,6.4,3.7,4.4,4.4,0.7,-13.8,4.7
GDP growth (annual %),NY.GDP.MKTP.KD.ZG,Guam,GUM,2,0.4,2.3,0.1,2.1,1.7,1.8,0.8,0.2,0.9,-0.8,2.6,-11.4,1.1
GDP growth (annual %),NY.GDP.MKTP.KD.ZG,Guatemala,GTM,3.3,0.5,2.9,4.2,3,3.7,4.4,4.1,2.7,3.1,3.4,4,-1.8,8
GDP growth (annual %),NY.GDP.MKTP.KD.ZG,Guinea,GIN,4.1,-1.1,4.8,5.6,5.9,3.9,3.7,3.8,10.8,10.3,6.4,5.6,4.9,3.9
GDP growth (annual %),NY.GDP.MKTP.KD.ZG,Guinea-Bissau,GNB,3.2,3.4,4.6,8.1,-1.7,3.3,1,6.1,6.3,5.9,1.3,4.5,-2.4,3.8
GDP growth (annual %),NY.GDP.MKTP.KD.ZG,Guyana,GUY,1.8,3.6,4.1,5.2,5.3,3.7,1.7,0.7,3.8,3.7,4.4,5.4,43.5,20.1
GDP growth (annual %),NY.GDP.MKTP.KD.ZG,Haiti,HTI,2.7,5.9,-5.7,5.1,0.5,4.3,1.7,2.6,1.8,2.5,1.7,-1.7,-3.3,-1.8
GDP growth (annual %),NY.GDP.MKTP.KD.ZG,Honduras,HND,4.2,-2.4,3.7,3.8,4.1,2.8,3.1,3.8,3.9,4.8,3.8,2.7,-9,12.5
GDP growth (annual %),NY.GDP.MKTP.KD.ZG,"Hong Kong SAR, China",HKG,2.1,-2.5,6.8,4.8,1.7,3.1,2.8,2.4,2.2,3.8,2.8,-1.7,-6.5,6.3
GDP growth (annual %),NY.GDP.MKTP.KD.ZG,Hungary,HUN,1,-6.6,1.1,1.9,-1.3,1.8,4.2,3.7,2.2,4.3,5.4,4.9,-4.5,7.1
GDP growth (annual %),NY.GDP.MKTP.KD.ZG,Iceland,ISL,2.2,-7.7,-2.8,1.8,1.1,4.6,1.7,4.4,6.3,4.2,4.9,2.4,-6.8,4.4
GDP growth (annual %),NY.GDP.MKTP.KD.ZG,India,IND,3.1,7.9,8.5,5.2,5.5,6.4,7.4,8,8.3,6.8,6.5,3.7,-6.6,8.7
GDP growth (annual %),NY.GDP.MKTP.KD.ZG,Indonesia,IDN,6,4.6,6.2,6.2,6,5.6,5,4.9,5,5.1,5.2,5,-2.1,3.7
GDP growth (annual %),NY.GDP.MKTP.KD.ZG,"Iran, Islamic Rep.",IRN,0.3,1,5.8,2.6,-3.7,-1.5,5,-1.4,8.8,2.8,-2.3,-2.7,3.3,4.7
GDP growth (annual %),NY.GDP.MKTP.KD.ZG,Iraq,IRQ,8.2,3.4,6.4,7.5,13.9,7.6,0.2,4.7,13.8,-1.8,2.6,5.5,-11.3,2.8
GDP growth (annual %),NY.GDP.MKTP.KD.ZG,Ireland,IRL,-4.5,-5.1,1.7,0.8,0,1.1,8.6,24.4,2,9,8.5,5.4,6.2,13.6
GDP growth (annual %),NY.GDP.MKTP.KD.ZG,Isle of Man,IMN,4.9,2.1,3.4,2,7.3,4.1,5.2,-0.4,7,4.7,2.2,0.3,..,..
GDP growth (annual %),NY.GDP.MKTP.KD.ZG,Israel,ISR,3.3,0.9,5.7,5.6,2.6,4.4,3.9,2.5,4.5,4.3,4.1,4.2,-1.9,8.6
GDP growth (annual %),NY.GDP.MKTP.KD.ZG,Italy,ITA,-1,-5.3,1.7,0.7,-3,-1.8,0,0.8,1.3,1.7,0.9,0.5,-9,6.7
GDP growth (annual %),NY.GDP.MKTP.KD.ZG,Jamaica,JAM,-0.8,-4.3,-1.5,1.7,-0.6,0.5,0.7,0.9,1.4,1,1.9,0.9,-10,4.6
GDP growth (annual %),NY.GDP.MKTP.KD.ZG,Japan,JPN,-1.2,-5.7,4.1,0,1.4,2,0.3,1.6,0.8,1.7,0.6,-0.2,-4.5,1.7
GDP growth (annual %),NY.GDP.MKTP.KD.ZG,Jordan,JOR,7.2,5,2.3,2.7,2.4,2.6,3.4,2.5,2,2.5,1.9,1.9,-1.6,2.2
GDP growth (annual %),NY.GDP.MKTP.KD.ZG,Kazakhstan,KAZ,3.3,1.2,7.3,7.4,4.8,6,4.2,1.2,1.1,4.1,4.1,4.5,-2.5,4.3
GDP growth (annual %),NY.GDP.MKTP.KD.ZG,Kenya,KEN,0.2,3.3,8.1,5.1,4.6,3.8,5,5,4.2,3.8,5.6,5.1,-0.3,7.5
GDP growth (annual %),NY.GDP.MKTP.KD.ZG,Kiribati,KIR,-2.1,0.8,-1.1,1.8,5.1,4.2,-1.1,9.9,-0.5,-0.2,5.3,-0.5,-0.5,1.5
GDP growth (annual %),NY.GDP.MKTP.KD.ZG,"Korea, Dem. People's Rep.",PRK,..,..,..,..,..,..,..,..,..,..,..,..,..,..
GDP growth (annual %),NY.GDP.MKTP.KD.ZG,"Korea, Rep.",KOR,3,0.8,6.8,3.7,2.4,3.2,3.2,2.8,2.9,3.2,2.9,2.2,-0.7,4.1
GDP growth (annual %),NY.GDP.MKTP.KD.ZG,Kosovo,XKX,..,5,4.9,6.3,1.7,5.3,3.3,5.9,5.6,4.8,3.4,4.8,-5.3,10.7
GDP growth (annual %),NY.GDP.MKTP.KD.ZG,Kuwait,KWT,2.5,-7.1,-2.4,9.6,6.6,1.1,0.5,0.6,2.9,-4.7,2.4,-0.6,-8.9,..
GDP growth (annual %),NY.GDP.MKTP.KD.ZG,Kyrgyz Republic,KGZ,8.4,2.9,-0.5,6,-0.1,10.9,4,3.9,4.3,4.7,3.8,4.6,-8.4,3.6
GDP growth (annual %),NY.GDP.MKTP.KD.ZG,Lao PDR,LAO,7.8,7.5,8.5,8,8,8,7.6,7.3,7,6.9,6.2,5.5,0.5,2.5
GDP growth (annual %),NY.GDP.MKTP.KD.ZG,Latvia,LVA,-3.2,-14.3,-4.5,2.6,7,2,1.9,3.9,2.4,3.3,4,2.6,-2.2,4.1
GDP growth (annual %),NY.GDP.MKTP.KD.ZG,Lebanon,LBN,9.1,10.2,8,0.9,2.6,3.8,2.5,0.5,1.6,0.8,-1.7,-7.2,-21.4,-7
GDP growth (annual %),NY.GDP.MKTP.KD.ZG,Lesotho,LSO,5.5,-1.3,5.3,4.6,6.3,1.8,1.7,3.1,3.6,-3.1,0.1,0.9,-8.4,1.3
GDP growth (annual %),NY.GDP.MKTP.KD.ZG,Liberia,LBR,7.1,5.3,6.1,8.2,8,8.7,0.7,0,-1.6,2.5,1.2,-2.5,-3,5
GDP growth (annual %),NY.GDP.MKTP.KD.ZG,Libya,LBY,-0.2,-4.4,5,-50.3,86.8,-18,-23,-0.8,-1.5,32.5,7.9,-11.2,-23.9,31.4
GDP growth (annual %),NY.GDP.MKTP.KD.ZG,Liechtenstein,LIE,1.8,-1.2,..,..,..,..,..,..,..,..,..,..,..,..
GDP growth (annual %),NY.GDP.MKTP.KD.ZG,Lithuania,LTU,2.6,-14.8,1.7,6,3.8,3.6,3.5,2,2.5,4.3,4,4.6,0,6
GDP growth (annual %),NY.GDP.MKTP.KD.ZG,Luxembourg,LUX,-0.3,-3.2,3.8,1,1.6,3.2,2.6,2.3,5,1.3,1.2,2.3,-0.8,5.1
GDP growth (annual %),NY.GDP.MKTP.KD.ZG,"Macao SAR, China",MAC,3.4,1.3,25.1,21.6,9.2,10.8,-2,-21.5,-0.7,10,6.5,-2.5,-54.2,19.3
GDP growth (annual %),NY.GDP.MKTP.KD.ZG,North Macedonia,MKD,5.5,-0.4,3.4,2.3,-0.5,2.9,3.6,3.9,2.8,1.1,2.9,3.9,-6.1,4
GDP growth (annual %),NY.GDP.MKTP.KD.ZG,Madagascar,MDG,6.7,-4,0.6,1.6,3,2.3,3.3,3.1,4,3.9,3.2,4.4,-7.1,4.4
GDP growth (annual %),NY.GDP.MKTP.KD.ZG,Malawi,MWI,7.6,8.3,6.9,4.9,1.9,5.2,5.7,2.8,2.5,4,4.4,5.4,0.8,2.8
GDP growth (annual %),NY.GDP.MKTP.KD.ZG,Malaysia,MYS,4.8,-1.5,7.4,5.3,5.5,4.7,6,5.1,4.4,5.8,4.8,4.4,-5.5,3.1
GDP growth (annual %),NY.GDP.MKTP.KD.ZG,Maldives,MDV,9.5,-7.2,7.3,8.6,2.5,7.3,7.3,2.9,6.3,7.2,8.1,7.1,-33.5,41.7
GDP growth (annual %),NY.GDP.MKTP.KD.ZG,Mali,MLI,4.8,4.8,5.3,3.2,-0.8,2.3,7.1,6.2,5.9,5.3,4.7,4.8,-1.2,3.1
GDP growth (annual %),NY.GDP.MKTP.KD.ZG,Malta,MLT,3.8,-1.1,5.5,0.5,4.1,5.5,7.6,9.6,3.4,10.9,6.2,5.9,-8.3,10.3
GDP growth (annual %),NY.GDP.MKTP.KD.ZG,Marshall Islands,MHL,-7.6,3.7,5.4,-0.3,-1.3,3.7,-1.1,2.1,2,3.4,4.2,10.8,-1.8,1.1
GDP growth (annual %),NY.GDP.MKTP.KD.ZG,Mauritania,MRT,-0.3,0.1,2.6,4.2,4.5,4.2,4.3,5.4,1.3,6.3,4.8,5.3,-0.9,2.4
GDP growth (annual %),NY.GDP.MKTP.KD.ZG,Mauritius,MUS,5.4,3.3,4.4,4.1,3.5,3.4,3.8,3.7,3.9,3.9,4,2.9,-14.6,3.7
GDP growth (annual %),NY.GDP.MKTP.KD.ZG,Mexico,MEX,1.1,-5.3,5.1,3.7,3.6,1.4,2.8,3.3,2.6,2.1,2.2,-0.2,-8,4.7
GDP growth (annual %),NY.GDP.MKTP.KD.ZG,"Micronesia, Fed. Sts.",FSM,-2.4,1.1,2.3,3.2,-1.9,-3.7,-2.3,4.6,0.9,2.7,0.2,1.2,-1.8,-3.2
GDP growth (annual %),NY.GDP.MKTP.KD.ZG,Moldova,MDA,7.8,-6,7.1,5.8,-0.6,9,5,-0.3,4.4,4.7,4.3,3.7,-7.4,13.9
GDP growth (annual %),NY.GDP.MKTP.KD.ZG,Monaco,MCO,0.7,-11.3,2.1,7,1,9.6,7.2,4.9,3.5,-3.5,6,6.9,-13,21.6
GDP growth (annual %),NY.GDP.MKTP.KD.ZG,Mongolia,MNG,8.9,-1.3,6.4,17.3,12.3,11.6,7.9,2.4,1.5,5.6,7.7,5.6,-4.6,1.6
GDP growth (annual %),NY.GDP.MKTP.KD.ZG,Montenegro,MNE,7.2,-5.8,2.7,3.2,-2.7,3.5,1.8,3.4,2.9,4.7,5.1,4.1,-15.3,12.4
GDP growth (annual %),NY.GDP.MKTP.KD.ZG,Morocco,MAR,5.9,4.2,3.8,5.2,3,4.5,19,4.3,0.5,5.1,3.1,2.9,-7.2,7.9
GDP growth (annual %),NY.GDP.MKTP.KD.ZG,Mozambique,MOZ,7.3,6.3,6.5,7.4,7.3,7,7.4,6.7,3.8,3.7,3.4,2.3,-1.2,2.4
GDP growth (annual %),NY.GDP.MKTP.KD.ZG,Myanmar,MMR,11.1,10.4,10.1,7.5,6.5,7.9,8.2,3.3,10.5,5.8,6.4,6.8,3.2,-17.9
GDP growth (annual %),NY.GDP.MKTP.KD.ZG,Namibia,NAM,2.6,0.3,6,5.1,5.1,5.6,6.1,4.3,0,-1,1.1,-0.8,-8,2.7
GDP growth (annual %),NY.GDP.MKTP.KD.ZG,Nauru,NRU,22.2,9.1,11.1,10,11.4,30.6,26.6,3.7,3.6,-5.7,6.1,0,1.1,1.5
GDP growth (annual %),NY.GDP.MKTP.KD.ZG,Nepal,NPL,6.1,4.5,4.8,3.4,4.7,3.5,6,4,0.4,9,7.6,6.7,-2.4,4.2
GDP growth (annual %),NY.GDP.MKTP.KD.ZG,Netherlands,NLD,2.2,-3.7,1.3,1.6,-1,-0.1,1.4,2,2.2,2.9,2.4,2,-3.9,4.9
GDP growth (annual %),NY.GDP.MKTP.KD.ZG,New Caledonia,NCL,..,..,..,..,..,..,..,..,..,..,..,..,..,..
GDP growth (annual %),NY.GDP.MKTP.KD.ZG,New Zealand,NZL,-1.1,-0.1,1.5,2.3,2.2,2.7,3.8,3.7,3.8,3.6,3.4,2.2,-1.3,3.7
GDP growth (annual %),NY.GDP.MKTP.KD.ZG,Nicaragua,NIC,3.4,-3.3,4.4,6.3,6.5,4.9,4.8,4.8,4.6,4.6,-3.4,-3.8,-1.8,10.3
GDP growth (annual %),NY.GDP.MKTP.KD.ZG,Niger,NER,7.7,2,8.6,2.4,10.5,5.3,6.6,4.4,5.7,5,7.2,5.9,3.6,1.4
GDP growth (annual %),NY.GDP.MKTP.KD.ZG,Nigeria,NGA,6.8,8,8,5.3,4.2,6.7,6.3,2.7,-1.6,0.8,1.9,2.2,-1.8,3.6
GDP growth (annual %),NY.GDP.MKTP.KD.ZG,Northern Mariana Islands,MNP,-11.1,-17.6,1.4,-7.4,0.8,2.7,4.2,3.4,29.2,23.2,-19.3,-11.1,..,..
GDP growth (annual %),NY.GDP.MKTP.KD.ZG,Norway,NOR,0.5,-1.7,0.7,1,2.7,1,2,2,1.1,2.3,1.1,0.7,-0.7,3.9
GDP growth (annual %),NY.GDP.MKTP.KD.ZG,Oman,OMN,8.2,6.1,1.7,2.9,8.9,5.2,1.3,5,5,0.3,1.3,-1.1,-3.4,3.1
GDP growth (annual %),NY.GDP.MKTP.KD.ZG,Pakistan,PAK,1.7,2.8,1.6,2.7,3.5,4.4,4.7,4.7,5.5,4.4,6.2,2.5,-1.3,6.5
GDP growth (annual %),NY.GDP.MKTP.KD.ZG,Palau,PLW,-5.8,-6.6,0.2,6.7,1.7,-3.4,6.3,7.5,-0.1,-4.1,0.1,0.4,-9.1,-13.3
GDP growth (annual %),NY.GDP.MKTP.KD.ZG,Panama,PAN,9.9,1.2,5.8,11.3,9.8,6.9,5.1,5.7,5,5.6,3.7,3,-17.9,15.3
GDP growth (annual %),NY.GDP.MKTP.KD.ZG,Papua New Guinea,PNG,-0.3,6.8,10.1,1.1,4.7,3.8,13.5,6.6,5.5,3.5,-0.3,4.5,-3.2,0.3
GDP growth (annual %),NY.GDP.MKTP.KD.ZG,Paraguay,PRY,6.5,-0.3,11.1,4.3,-0.7,8.3,5.3,3,4.3,4.8,3.2,-0.4,-0.8,4.1
GDP growth (annual %),NY.GDP.MKTP.KD.ZG,Peru,PER,9.1,1.1,8.3,6.3,6.1,5.9,2.4,3.3,4,2.5,4,2.2,-11,13.3
GDP growth (annual %),NY.GDP.MKTP.KD.ZG,Philippines,PHL,4.3,1.4,7.3,3.9,6.9,6.8,6.3,6.3,7.1,6.9,6.3,6.1,-9.5,5.7
GDP growth (annual %),NY.GDP.MKTP.KD.ZG,Poland,POL,4.2,2.8,2.9,5,1.5,0.9,3.8,4.4,3,5.1,5.9,4.4,-2,6.8
GDP growth (annual %),NY.GDP.MKTP.KD.ZG,Portugal,PRT,0.3,-3.1,1.7,-1.7,-4.1,-0.9,0.8,1.8,2,3.5,2.8,2.7,-8.3,5.5
GDP growth (annual %),NY.GDP.MKTP.KD.ZG,Puerto Rico,PRI,-1.8,-2,-0.4,-0.4,0,-0.3,-1.2,-1,-1.3,-2.9,-4.4,1.7,-4.4,0.2
GDP growth (annual %),NY.GDP.MKTP.KD.ZG,Qatar,QAT,17.7,12,19.6,13.4,4.7,5.6,5.3,4.8,3.1,-1.5,1.2,0.8,-3.6,1.6
GDP growth (annual %),NY.GDP.MKTP.KD.ZG,Romania,ROU,9.3,-5.5,-3.9,4.5,1.9,0.3,4.1,3.2,2.9,8.2,6,3.9,-3.7,5.1
GDP growth (annual %),NY.GDP.MKTP.KD.ZG,Russian Federation,RUS,5.2,-7.8,4.5,4.3,4,1.8,0.7,-2,0.2,1.8,2.8,2.2,-2.7,4.7
GDP growth (annual %),NY.GDP.MKTP.KD.ZG,Rwanda,RWA,11.2,6.2,7.3,8,8.6,4.7,6.2,8.9,6,4,8.6,9.5,-3.4,10.9
GDP growth (annual %),NY.GDP.MKTP.KD.ZG,Samoa,WSM,3.6,-0.5,6.1,3.8,-3.7,0.1,0.7,3.9,8,1.4,-0.6,4.5,-3.1,-7.1
GDP growth (annual %),NY.GDP.MKTP.KD.ZG,San Marino,SMR,-0.5,-10.3,-5.5,-8.3,-7,-0.8,-0.7,2.3,2.3,0.3,1.5,2.1,-6.6,..
GDP growth (annual %),NY.GDP.MKTP.KD.ZG,Sao Tome and Principe,STP,6.2,2.4,6.7,4.4,3.1,4.8,6.5,3.9,4.2,3.8,2.9,2.2,3,1.9
GDP growth (annual %),NY.GDP.MKTP.KD.ZG,Saudi Arabia,SAU,6.2,-2.1,5,10,5.4,2.7,3.7,4.1,1.7,-0.7,2.5,0.3,-4.1,3.2
GDP growth (annual %),NY.GDP.MKTP.KD.ZG,Senegal,SEN,3.7,2.8,3.4,1.3,4,2.4,6.2,6.4,6.4,7.4,6.2,4.6,1.3,6.1
GDP growth (annual %),NY.GDP.MKTP.KD.ZG,Serbia,SRB,5.7,-2.7,0.7,2,-0.7,2.9,-1.6,1.8,3.3,2.1,4.5,4.3,-0.9,7.5
GDP growth (annual %),NY.GDP.MKTP.KD.ZG,Seychelles,SYC,-2.1,-1.1,6,7.9,1.3,6,4.5,5.6,5.4,4.5,3.2,3.1,-7.7,7.9
GDP growth (annual %),NY.GDP.MKTP.KD.ZG,Sierra Leone,SLE,5.4,3.2,5.3,6.3,15.2,20.7,4.6,-20.6,6.1,4.2,3.5,5.3,-2,4.1
GDP growth (annual %),NY.GDP.MKTP.KD.ZG,Singapore,SGP,1.9,0.1,14.5,6.2,4.4,4.8,3.9,3,3.6,4.7,3.7,1.1,-4.1,7.6
GDP growth (annual %),NY.GDP.MKTP.KD.ZG,Sint Maarten (Dutch part),SXM,..,..,3.2,4.6,1.4,1.3,1.6,0.4,0.5,-5.8,-6.6,..,..,..
GDP growth (annual %),NY.GDP.MKTP.KD.ZG,Slovak Republic,SVK,5.6,-5.5,6.7,2.7,1.3,0.6,2.7,5.2,1.9,2.9,4,2.5,-3.4,3
GDP growth (annual %),NY.GDP.MKTP.KD.ZG,Slovenia,SVN,3.5,-7.5,1.3,0.9,-2.6,-1,2.8,2.2,3.2,4.8,4.5,3.5,-4.3,8.2
GDP growth (annual %),NY.GDP.MKTP.KD.ZG,Solomon Islands,SLB,6.2,2.9,9.7,7.4,2.5,5.2,1.2,1.7,5.6,3.1,2.7,1.7,-3.4,-0.2
GDP growth (annual %),NY.GDP.MKTP.KD.ZG,Somalia,SOM,..,..,..,..,..,..,7.8,15,8.5,2.3,7.5,7.5,2.5,4
GDP growth (annual %),NY.GDP.MKTP.KD.ZG,South Africa,ZAF,3.2,-1.5,3,3.2,2.4,2.5,1.4,1.3,0.7,1.2,1.5,0.3,-6.3,4.9
GDP growth (annual %),NY.GDP.MKTP.KD.ZG,South Sudan,SSD,..,5,5.5,-4.6,-46.1,13.1,3.4,-10.8,..,..,..,..,..,..
GDP growth (annual %),NY.GDP.MKTP.KD.ZG,Spain,ESP,0.9,-3.8,0.2,-0.8,-3,-1.4,1.4,3.8,3,3,2.3,2,-11.3,5.5
GDP growth (annual %),NY.GDP.MKTP.KD.ZG,Sri Lanka,LKA,6,3.5,8,8.7,8.6,4.1,6.4,4.2,5.1,6.5,2.3,-0.2,-3.5,3.3
GDP growth (annual %),NY.GDP.MKTP.KD.ZG,St. Kitts and Nevis,KNA,11.2,-3.4,0,1.6,-0.5,5.7,7.6,0.7,3.9,0,2.1,4,-14.5,-0.9
GDP growth (annual %),NY.GDP.MKTP.KD.ZG,St. Lucia,LCA,4.9,-2.8,1.6,5.5,-0.2,-3.2,1.4,-1.4,3.8,3.4,2.9,-0.7,-24.4,12.2
GDP growth (annual %),NY.GDP.MKTP.KD.ZG,St. Martin (French part),MAF,..,..,..,..,..,..,..,..,..,..,..,..,..,..
GDP growth (annual %),NY.GDP.MKTP.KD.ZG,St. Vincent and the Grenadines,VCT,0.4,-1.4,-4.5,-0.6,1.2,2.5,1.1,2.8,4.1,1.7,3.1,0.4,-5.3,1.4
GDP growth (annual %),NY.GDP.MKTP.KD.ZG,Sudan,SDN,3.8,-2.8,3.9,-3.2,-17,2,4.7,1.9,3.5,0.7,-2.7,-2.2,-3.6,-1.9
GDP growth (annual %),NY.GDP.MKTP.KD.ZG,Suriname,SUR,4.1,3,5.2,5.8,2.7,2.9,0.3,-3.4,-4.9,1.6,4.9,1.2,-16,-2.7
GDP growth (annual %),NY.GDP.MKTP.KD.ZG,Eswatini,SWZ,0.8,1.6,3.8,2.2,5.4,3.9,0.9,2.2,1.1,2,2.4,2.7,-1.6,7.9
GDP growth (annual %),NY.GDP.MKTP.KD.ZG,Sweden,SWE,-0.5,-4.3,6,3.2,-0.6,1.2,2.7,4.5,2.1,2.6,2,2,-2.2,5.1
GDP growth (annual %),NY.GDP.MKTP.KD.ZG,Switzerland,CHE,2.8,-2.3,3.2,1.8,1.2,1.8,2.3,1.6,2.1,1.4,2.9,1.1,-2.4,4.2
GDP growth (annual %),NY.GDP.MKTP.KD.ZG,Syrian Arab Republic,SYR,4.5,5.9,5.2,2.9,-26.3,-26.3,-10.3,-4.2,-6.4,-0.7,1.4,1.2,-3.9,..
GDP growth (annual %),NY.GDP.MKTP.KD.ZG,Tajikistan,TJK,7.9,3.9,6.5,7.4,7.5,7.4,6.7,6,6.9,7.1,7.6,7.4,4.4,9.2
GDP growth (annual %),NY.GDP.MKTP.KD.ZG,Tanzania,TZA,5.7,5.3,6.3,7.7,4.5,6.8,6.7,6.2,6.9,6.8,5.4,5.8,2,4.3
GDP growth (annual %),NY.GDP.MKTP.KD.ZG,Thailand,THA,1.7,-0.7,7.5,0.8,7.2,2.7,1,3.1,3.4,4.2,4.2,2.2,-6.2,1.5
GDP growth (annual %),NY.GDP.MKTP.KD.ZG,Timor-Leste,TLS,11.4,10.1,9.3,6,4.9,3.1,4.5,2.8,3.4,-3.1,-0.7,23.5,31.9,5.3
GDP growth (annual %),NY.GDP.MKTP.KD.ZG,Togo,TGO,4.1,5.5,6.1,6.4,6.5,6.1,5.9,5.7,5.6,4.3,5,5.5,1.8,5.3
GDP growth (annual %),NY.GDP.MKTP.KD.ZG,Tonga,TON,4.8,-5.2,0.8,6.8,0.8,0.3,2,1.2,6.6,3.3,0.2,0.7,0.5,-2.7
GDP growth (annual %),NY.GDP.MKTP.KD.ZG,Trinidad and Tobago,TTO,3.4,-4.4,3.3,-0.3,6.6,3.8,3.3,-0.8,-6.8,-4.7,-0.9,0.1,-7.7,-1
GDP growth (annual %),NY.GDP.MKTP.KD.ZG,Tunisia,TUN,4.2,3,3,-2,4.2,2.4,3.1,1,1.1,2.2,2.6,1.5,-8.6,4.3
GDP growth (annual %),NY.GDP.MKTP.KD.ZG,Turkiye,TUR,0.8,-4.8,8.4,11.2,4.8,8.5,4.9,6.1,3.3,7.5,3,0.8,1.9,11.4
GDP growth (annual %),NY.GDP.MKTP.KD.ZG,Turkmenistan,TKM,14.7,6.1,9.2,14.7,11.1,10.2,10.3,6.5,6.2,6.5,6.2,6.3,..,..
GDP growth (annual %),NY.GDP.MKTP.KD.ZG,Turks and Caicos Islands,TCA,..,..,..,..,-1,1.1,8.7,11.3,7.3,-2.5,5.6,5.3,-26.8,2.1
GDP growth (annual %),NY.GDP.MKTP.KD.ZG,Tuvalu,TUV,6.7,-6.3,-2.2,6.8,-2.1,4.3,0,10.4,5.7,1.8,1.8,13.8,1.5,3
GDP growth (annual %),NY.GDP.MKTP.KD.ZG,Uganda,UGA,8.7,6.8,5.6,9.4,3.8,3.6,5.1,5.2,4.8,3.1,6.3,6.4,3,3.5
GDP growth (annual %),NY.GDP.MKTP.KD.ZG,Ukraine,UKR,2.2,-15.1,4.1,5.4,0.2,0,-10.1,-9.8,2.4,2.4,3.5,3.2,-3.8,3.4
GDP growth (annual %),NY.GDP.MKTP.KD.ZG,United Arab Emirates,ARE,3.2,-5.2,1.6,6.9,4.8,5.1,4.2,6.8,5.6,0.7,1.3,1.1,-5,3.9
GDP growth (annual %),NY.GDP.MKTP.KD.ZG,United Kingdom,GBR,-0.2,-4.5,2.4,1.1,1.4,1.8,3.2,2.4,2.2,2.4,1.7,1.6,-11,7.5
GDP growth (annual %),NY.GDP.MKTP.KD.ZG,United States,USA,0.1,-2.6,2.7,1.5,2.3,1.8,2.3,2.7,1.7,2.2,2.9,2.3,-2.8,5.9
GDP growth (annual %),NY.GDP.MKTP.KD.ZG,Uruguay,URY,7.2,4.2,7.8,5.2,3.5,4.6,3.2,0.4,1.7,1.6,0.5,0.4,-6.1,4.4
GDP growth (annual %),NY.GDP.MKTP.KD.ZG,Uzbekistan,UZB,9,8.1,7.6,7.5,7.1,7.3,6.9,7.2,5.9,4.4,5.4,5.7,1.9,7.4
GDP growth (annual %),NY.GDP.MKTP.KD.ZG,Vanuatu,VUT,5.6,3,1.3,3.1,1,0.5,3.1,0.4,4.7,6.3,2.9,3.2,-5.4,0.4
GDP growth (annual %),NY.GDP.MKTP.KD.ZG,"Venezuela, RB",VEN,5.3,-3.2,-1.5,4.2,5.6,1.3,-3.9,..,..,..,..,..,..,..
GDP growth (annual %),NY.GDP.MKTP.KD.ZG,Vietnam,VNM,5.7,5.4,6.4,6.4,5.5,5.6,6.4,7,6.7,6.9,7.5,7.4,2.9,2.6
GDP growth (annual %),NY.GDP.MKTP.KD.ZG,Virgin Islands (U.S.),VIR,1.2,-6.6,0.6,-8.2,-14.8,-6.3,-1.8,-0.4,1.6,-0.7,1.9,2.8,-2.1,..
GDP growth (annual %),NY.GDP.MKTP.KD.ZG,West Bank and Gaza,PSE,7.4,8.6,5.8,9.6,6.1,4.7,-0.2,3.7,8.9,1.4,1.2,1.4,-11.3,7.1
GDP growth (annual %),NY.GDP.MKTP.KD.ZG,"Yemen, Rep.",YEM,3.6,3.9,7.7,-12.7,2.4,4.8,-0.2,-28,-9.4,-5.1,0.8,..,..,..
GDP growth (annual %),NY.GDP.MKTP.KD.ZG,Zambia,ZMB,7.8,9.2,10.3,5.6,7.6,5.1,4.7,2.9,3.8,3.5,4,1.4,-2.8,4.6
GDP growth (annual %),NY.GDP.MKTP.KD.ZG,Zimbabwe,ZWE,-17.7,12,21.5,14.6,15.7,3.2,1.5,2,0.9,4.1,5,-6.3,-7.8,8.5
GDP per capita (current US$),NY.GDP.PCAP.CD,Afghanistan,AFG,387.8,443.8,554.6,621.9,663.1,652,628.1,592.5,520.3,530.1,502.1,500.5,516.9,368.8
GDP per capita (current US$),NY.GDP.PCAP.CD,Albania,ALB,4370.5,4114.1,4094.3,4437.1,4247.6,4413.1,4578.6,3952.8,4124.1,4531,5287.7,5396.2,5332.2,6492.9
GDP per capita (current US$),NY.GDP.PCAP.CD,Algeria,DZA,4946.6,3898.5,4495.9,5473.3,5610.7,5519.8,5516.2,4197.4,3967.2,4134.9,4171.8,4022.2,3337.3,3690.6
GDP per capita (current US$),NY.GDP.PCAP.CD,American Samoa,ASM,10019.5,12191.6,10446.9,10495.3,11920.1,12038.9,12314,13101.5,13300.8,12372.9,13195.9,13672.6,15501.5,15743.3
GDP per capita (current US$),NY.GDP.PCAP.CD,Andorra,AND,53719.4,49753.7,48238.5,51429.2,44904.6,44750.4,45682.2,38885.4,39932.2,40632.5,42903.4,41327.5,37207.5,42137.3
GDP per capita (current US$),NY.GDP.PCAP.CD,Angola,AGO,4081.7,3123.7,3496.8,4511.2,4962.6,5102,5059.1,3100.8,1709.5,2283.2,2487.5,2142.2,1604,1953.5
GDP per capita (current US$),NY.GDP.PCAP.CD,Antigua and Barbuda,ATG,16457.1,14530.6,13404.5,13117.1,13686.5,13350.1,14004.8,14861.9,15862.7,16110.6,17527.2,18319.5,14787.6,15781.4
GDP per capita (current US$),NY.GDP.PCAP.CD,Argentina,ARG,8977.5,8184.4,10386,12848.9,13082.7,13080.3,12334.8,13789.1,12790.2,14613,11795.2,9963.7,8496.4,10636.1
GDP per capita (current US$),NY.GDP.PCAP.CD,Armenia,ARM,3908.9,2917.4,3143,3462.7,3643.7,3833.2,4017.2,3666.1,3680,4042,4391.9,4828.5,4505.9,4966.5
GDP per capita (current US$),NY.GDP.PCAP.CD,Aruba,ABW,29011.6,25739.1,24452.9,26044.4,25610,26515.7,26942.3,28421.4,28451.3,29326.7,30220.6,31650.8,24487.9,29342.1
GDP per capita (current US$),NY.GDP.PCAP.CD,Australia,AUS,49679.2,42810.3,52134.3,62596.4,68044.7,68158.6,62513.4,56710.4,49875.6,53936.1,57207.9,54941.4,51720.4,60443.1
GDP per capita (current US$),NY.GDP.PCAP.CD,Austria,AUT,51920,48153.3,46903.8,51442.3,48564.9,50731.1,51786.4,44195.8,45307.6,47429.2,51466.6,50070.4,48809.2,53637.7
GDP per capita (current US$),NY.GDP.PCAP.CD,Azerbaijan,AZE,5574.6,4950.3,5843.5,7189.7,7496.3,7875.8,7891.3,5500.3,3880.7,4147.1,4739.8,4805.8,4229.9,5388
GDP per capita (current US$),NY.GDP.PCAP.CD,"Bahamas, The",BHS,29013.6,27120.7,27046.7,26644.9,28059.7,27389.6,28720.7,30206.2,29887.2,30969.9,31738.3,32610.5,23862.7,27478.4
GDP per capita (current US$),NY.GDP.PCAP.CD,Bahrain,BHR,23155.8,19448.2,21186.8,23741.6,25102.7,25790.7,25464.8,22795.4,22867.2,24349.9,25415.8,25869.1,23501.9,26563
GDP per capita (current US$),NY.GDP.PCAP.CD,Bangladesh,BGD,630.1,698.5,776.9,856.4,876.8,973.8,1108.5,1236,1660,1815.6,1963.4,2122.1,2233.3,2457.9
GDP per capita (current US$),NY.GDP.PCAP.CD,Barbados,BRB,17550.7,16310.5,16489.8,16907.2,16691.3,16893.6,16924.2,16990.2,17343.7,17843.2,18224.9,19003,16643.8,17225.5
GDP per capita (current US$),NY.GDP.PCAP.CD,Belarus,BLR,6377.4,5352.6,6033.7,6527.2,6953.1,7998.1,8341.4,5967.1,5039.7,5785.7,6360.1,6837.7,6542.8,7302.3
GDP per capita (current US$),NY.GDP.PCAP.CD,Belgium,BEL,48303.4,44760.3,44184.9,47410.6,44670.6,46758,47764.1,41008.3,42012.6,44198.5,47545,46638.7,45517.8,51247
GDP per capita (current US$),NY.GDP.PCAP.CD,Belize,BLZ,5656.4,5349,5397.3,5521.4,5645.9,5887.9,6068.1,6142.5,6148.7,6101,6059.2,6210.6,5266.9,6228.3
GDP per capita (current US$),NY.GDP.PCAP.CD,Benin,BEN,1098.9,1061.7,1009.5,1099.4,1112.6,1214.3,1251.5,1041.7,1049.8,1095.3,1194.4,1171,1237.9,1319.2
GDP per capita (current US$),NY.GDP.PCAP.CD,Bermuda,BMU,106935.5,101407.8,101875.3,97774.2,98431.9,99471.6,98467.7,102005.6,106885.9,111820.6,113050.7,116153.2,107791.9,114090.3
GDP per capita (current US$),NY.GDP.PCAP.CD,Bhutan,BTN,1780.1,1768.7,2194.1,2491.3,2470.1,2409.4,2589.9,2695.6,2879.5,3240.7,3210.7,3304,3009.9,3266.4
GDP per capita (current US$),NY.GDP.PCAP.CD,Bolivia,BOL,1687.6,1725.1,1922,2305,2562.5,2853.8,3022.5,2975.6,3013.5,3280,3471,3472.4,3068.8,3345.2
GDP per capita (current US$),NY.GDP.PCAP.CD,Bosnia and Herzegovina,BIH,4846.8,4542.3,4507.1,4981,4688.4,5025.1,5196.9,4599.9,4858.8,5255.8,5936.1,6011.4,6012.1,7143.3
GDP per capita (current US$),NY.GDP.PCAP.CD,Botswana,BWA,5345.8,4938.3,6041.8,7080.8,6393,6436.6,6844,5869.7,6411.5,6705.4,6947.8,6679.2,5863.2,6805.2
GDP per capita (current US$),NY.GDP.PCAP.CD,Brazil,BRA,8801.6,8570,11249.5,13200.8,12327.3,12258.5,12071.2,8783.2,8680.8,9896.7,9121.1,8845.3,6794.5,7507.2
GDP per capita (current US$),NY.GDP.PCAP.CD,British Virgin Islands,VGB,..,..,..,..,..,..,..,..,..,..,..,..,..,..
GDP per capita (current US$),NY.GDP.PCAP.CD,Brunei Darussalam,BRN,37426.7,27497,34609.9,46139.6,46843,43948.9,41037.1,30681.7,26762.9,28186.8,31241.5,30748.7,27179.4,31449.1
GDP per capita (current US$),NY.GDP.PCAP.CD,Bulgaria,BGR,7271.4,6988.2,6853,7849.2,7432.5,7681.9,7901.8,7074.7,7569.5,8366.3,9446.7,9879.3,10129.8,12221.5
GDP per capita (current US$),NY.GDP.PCAP.CD,Burkina Faso,BFA,621.9,603.9,627.3,727.6,734,762.3,767.4,632.1,665.8,711.2,779.2,772.2,833.2,893.1
GDP per capita (current US$),NY.GDP.PCAP.CD,Burundi,BDI,194.7,204.5,222.7,236.5,238.2,241.5,257.8,289.4,242.1,243.1,231.4,217,216.8,221.5
GDP per capita (current US$),NY.GDP.PCAP.CD,Cabo Verde,CPV,3503.5,3292.5,3192.4,3537.1,3262.6,3427.2,3405.9,2891.9,2978.2,3132.6,3442.7,3434.6,2924.1,3293.2
GDP per capita (current US$),NY.GDP.PCAP.CD,Cambodia,KHM,742.4,734.8,782.7,880.3,950.5,1015.2,1098.1,1170.7,1281.1,1400.9,1533.3,1671.4,1577.9,1625.2
GDP per capita (current US$),NY.GDP.PCAP.CD,Cameroon,CMR,1476,1445.9,1383.8,1497.9,1433.7,1559.1,1631.7,1399.7,1426.1,1479.9,1594.1,1538.7,1539.1,1666.9
GDP per capita (current US$),NY.GDP.PCAP.CD,Canada,CAN,46710.5,40876.3,47562.1,52223.7,52669.1,52635.2,50956,43596.1,42315.6,45129.4,46548.6,46328.7,43258.3,51987.9
GDP per capita (current US$),NY.GDP.PCAP.CD,Cayman Islands,CYM,89707.5,81401.3,76876,75438.3,75468.9,75688.1,76613.4,77298.6,78861.1,81258,85234.8,89871.9,83329.5,86568.8
GDP per capita (current US$),NY.GDP.PCAP.CD,Central African Republic,CAF,446.2,452.9,459.8,515.2,525.9,352.2,394.9,351.9,372.1,414.7,435.9,426.4,435.5,461.1
GDP per capita (current US$),NY.GDP.PCAP.CD,Chad,TCD,936.5,808.2,896.9,988.2,969.6,980.1,1017.8,774.4,692,662.9,720.3,701.6,643.8,685.7
GDP per capita (current US$),NY.GDP.PCAP.CD,Channel Islands,CHI,..,..,..,..,..,..,..,..,..,..,..,..,..,..
GDP per capita (current US$),NY.GDP.PCAP.CD,Chile,CHL,10783.2,10182.9,12767.8,14628.6,15406.5,15833.3,14666.3,13569.9,13785.7,15045.5,15795.7,14631.9,13094.5,16265.1
GDP per capita (current US$),NY.GDP.PCAP.CD,China,CHN,3468.3,3832.2,4550.5,5614.4,6300.6,7020.3,7636.1,8016.4,8094.4,8817,9905.3,10143.8,10408.7,12556.3
GDP per capita (current US$),NY.GDP.PCAP.CD,Colombia,COL,5527.4,5244.4,6394.2,7392.5,8101.8,8264.1,8164.7,6228.4,5938.5,6450.3,6782,6438.1,5307.2,6104.1
GDP per capita (current US$),NY.GDP.PCAP.CD,Comoros,COM,1454.7,1409.1,1384.1,1526.8,1484,1596,1608.7,1322.9,1357.3,1414.6,1531.3,1510.8,1519.6,1577.5
GDP per capita (current US$),NY.GDP.PCAP.CD,"Congo, Dem. Rep.",COD,317.9,290.2,324.8,376.4,412.8,444.9,472.3,482.1,456,451.1,546.2,575.9,524.7,577.2
GDP per capita (current US$),NY.GDP.PCAP.CD,"Congo, Rep.",COG,2848.7,2283.9,2962.8,3415.1,3753.9,3719.7,3622.5,2347.8,1970.3,2088.5,2512.4,2288.8,1838.4,2290.4
GDP per capita (current US$),NY.GDP.PCAP.CD,Costa Rica,CRI,6841.9,6737.9,8147.2,9137.5,9971.7,10633.3,10737.7,11530,11899.8,12118.1,12383.1,12669.3,12132.9,12472.4
GDP per capita (current US$),NY.GDP.PCAP.CD,Cote d'Ivoire,CIV,1683.3,1638.8,1654.2,1701.7,1649.3,1903.1,2124,1941.6,1980.9,2076.1,2275.5,2238.8,2288.1,2549
GDP per capita (current US$),NY.GDP.PCAP.CD,Croatia,HRV,16461.3,14708.9,14124.8,14812.9,13443.1,13871.3,13784.5,11952.3,12552.3,13655.8,15244.4,15331.9,14198.8,17685.3
GDP per capita (current US$),NY.GDP.PCAP.CD,Cuba,CUB,4992.8,5094.4,5275.5,6106,6467.3,6814.2,7117.5,7683.8,8055.9,8543.4,8831.9,9139.4,9499.6,..
GDP per capita (current US$),NY.GDP.PCAP.CD,Curacao,CUW,..,..,..,19446.5,19886.7,19762.7,19552.7,19260.3,18881.8,18788.8,18956.1,19024.2,16109.9,17717.6
GDP per capita (current US$),NY.GDP.PCAP.CD,Cyprus,CYP,35397.4,32109.2,31105.4,32486.4,28993.3,27799.1,27245.4,23487.1,24715.7,26697.2,29418.9,29417.1,28036.2,31551.8
GDP per capita (current US$),NY.GDP.PCAP.CD,Czechia,CZE,22804.6,19861.7,19960.1,21871.3,19870.8,20133.2,19890.9,17829.7,18575.2,20636.2,23424.5,23664.8,22992.9,26821.2
GDP per capita (current US$),NY.GDP.PCAP.CD,Denmark,DNK,64322.1,58163.3,58041.4,61753.6,58507.5,61191.2,62549,53254.9,54664,57610.1,61591.9,59593,60915.4,68007.8
GDP per capita (current US$),NY.GDP.PCAP.CD,Djibouti,DJI,1131.6,1164.3,1227.8,1322.7,1418.5,2102.2,2239.1,2409.3,2545.7,2655.7,2755.8,2876,2918,3150.4
GDP per capita (current US$),NY.GDP.PCAP.CD,Dominica,DMA,6661.5,7110,7182.4,7288.5,7054.9,7240.7,7498.9,7724,8223,7408.1,7833.2,8561.6,7003.5,7653.2
GDP per capita (current US$),NY.GDP.PCAP.CD,Dominican Republic,DOM,5053.3,5002.1,5509.6,5859.4,6049.5,6171.3,6533.7,6838.9,7191.1,7513.5,7947.2,8173.3,7167.9,8476.8
GDP per capita (current US$),NY.GDP.PCAP.CD,Ecuador,ECU,4260.4,4240.7,4640.2,5202.7,5678.5,6050.4,6374.6,6130.6,6079.1,6246.4,6321.3,6233.3,5645.2,5965.1
GDP per capita (current US$),NY.GDP.PCAP.CD,"Egypt, Arab Rep.",EGY,1941.9,2212.2,2509.8,2645.6,3059.1,3088.9,3196.9,3370.4,3331.6,2315.9,2407.1,2869.6,3398.8,3698.8
GDP per capita (current US$),NY.GDP.PCAP.CD,El Salvador,SLV,2964.2,2889.7,3017.3,3305,3471.1,3555.2,3638.5,3761.5,3870.3,3986,4145.9,4280.3,3903.4,4551.2
GDP per capita (current US$),NY.GDP.PCAP.CD,Equatorial Guinea,GNQ,19849.7,14398.8,14905.5,18659.4,18756.4,17644.6,16804.9,9789,8035.3,8410.4,8719.2,7317.4,6327.6,7506.7
GDP per capita (current US$),NY.GDP.PCAP.CD,Eritrea,ERI,459.2,602.1,505,643.8,..,..,..,..,..,..,..,..,..,..
GDP per capita (current US$),NY.GDP.PCAP.CD,Estonia,EST,18205,14711.7,14663,17487.8,17403.2,19056,20261.1,17402,18295.3,20437.8,23165.8,23424.5,23595.2,27943.7
GDP per capita (current US$),NY.GDP.PCAP.CD,Ethiopia,ETH,320.9,373.9,335.4,348,458.6,490.8,557.5,630.3,705.6,755.8,758.3,840.4,918.7,925.1
GDP per capita (current US$),NY.GDP.PCAP.CD,Faroe Islands,FRO,51432.3,47410.7,48167.5,51786.6,50156.9,55560.3,60125.8,52726.7,56834.1,59328.2,62577,63383.2,61980.3,69010.3
GDP per capita (current US$),NY.GDP.PCAP.CD,Fiji,FJI,3928.9,3184.7,3469.2,4160.7,4359.8,4586.9,5305.2,5105.3,5368.4,5825.1,6073.3,5968.3,4864.1,4646.6
GDP per capita (current US$),NY.GDP.PCAP.CD,Finland,FIN,53772.8,47481.5,46505.3,51148.9,47708.1,49892.2,50327.2,42801.9,43814,46412.1,49987.6,48629.9,49170.8,53654.8
GDP per capita (current US$),NY.GDP.PCAP.CD,France,FRA,45516,41737.8,40676.1,43846.5,40870.9,42602.7,43068.5,36652.9,37062.5,38781,41557.9,40494.9,39055.3,43659
GDP per capita (current US$),NY.GDP.PCAP.CD,French Polynesia,PYF,25437.7,23326.1,21447.9,21748,19864.5,20941.5,21223.1,18252.5,18726.6,19744,20614.9,20023.5,18910.4,19914.6
GDP per capita (current US$),NY.GDP.PCAP.CD,Gabon,GAB,9732.2,7325.9,8399.6,10273.8,9348.5,9250.1,9255.4,7090.5,6722.2,6975.7,7694.9,7523.9,6680.1,8635.3
GDP per capita (current US$),NY.GDP.PCAP.CD,"Gambia, The",GMB,857.9,772.1,796.6,705.5,686.6,647.4,561.6,611.7,640.7,632,683.3,722.9,704,772.2
GDP per capita (current US$),NY.GDP.PCAP.CD,Georgia,GEO,3324.7,2822.7,3233.3,4021.7,4421.8,4623.7,4739.2,4014.2,4062.2,4357,4722,4696.2,4255.7,5023.3
GDP per capita (current US$),NY.GDP.PCAP.CD,Germany,DEU,45612.7,41650.4,41572.5,46705.9,43855.9,46298.9,48023.9,41103.3,42136.1,44652.6,47939.3,46793.7,46772.8,51203.6
GDP per capita (current US$),NY.GDP.PCAP.CD,Ghana,GHA,1178.9,1044,1258.9,1501.1,1536.6,2282.3,1942.9,1711.3,1900.4,1998.7,2180,2167.9,2176.6,2363.3
GDP per capita (current US$),NY.GDP.PCAP.CD,Gibraltar,GIB,..,..,..,..,..,..,..,..,..,..,..,..,..,..
GDP per capita (current US$),NY.GDP.PCAP.CD,Greece,GRC,32128,29828.8,26716.6,25483.9,21913,21787.8,21616.7,18083.9,17924,18582.1,19757,19144.3,17658.9,20192.6
GDP per capita (current US$),NY.GDP.PCAP.CD,Greenland,GRL,44367.1,44918.6,43988.3,47187,45936.8,47535.6,50484.9,44536.4,48181.9,50766.6,54545.3,53256.2,54571.2,..
GDP per capita (current US$),NY.GDP.PCAP.CD,Grenada,GRD,7343.4,6810.4,6761,6775.8,6900.8,7205.3,7726.4,8379.6,8849.5,9309.2,9574.3,9887.9,8437.6,9010.6
GDP per capita (current US$),NY.GDP.PCAP.CD,Guam,GUM,28277.4,29335.3,30011.2,30087.7,31642.1,32318.9,33483.9,34522.4,35052.8,35663,35902.7,37752.6,34780.9,35904.9
GDP per capita (current US$),NY.GDP.PCAP.CD,Guatemala,GTM,2802.5,2651.8,2852.5,3228,3355,3522.8,3779.6,3994.6,4173.3,4454,4485.7,4647.7,4604.6,5025.5
GDP per capita (current US$),NY.GDP.PCAP.CD,Guinea,GIN,712.1,670.3,667.3,644.5,708,757.7,774.6,756.4,720.5,843.5,944.4,1043.9,1073.7,1189.2
GDP per capita (current US$),NY.GDP.PCAP.CD,Guinea-Bissau,GNB,583.3,543.6,542.3,683.5,598.6,616.2,605.1,586,642.7,718.2,781.6,730.6,710.3,795.1
GDP per capita (current US$),NY.GDP.PCAP.CD,Guyana,GUY,4011.4,4213.8,4589.9,4960,5461.4,5576.2,5495.4,5668.4,5905.4,6221,6094.9,6477.3,6863.1,9998.5
GDP per capita (current US$),NY.GDP.PCAP.CD,Haiti,HTI,1095,1191.8,1204.9,1306.8,1356.2,1452.3,1453.9,1404.2,1305.6,1384,1494.2,1324.8,1283.1,1829.6
GDP per capita (current US$),NY.GDP.PCAP.CD,Honduras,HND,1713.4,1762.3,1874.3,2054,2107.4,2064.5,2164.4,2257.2,2295.5,2403.3,2457.7,2519.4,2354.1,2771.7
GDP per capita (current US$),NY.GDP.PCAP.CD,"Hong Kong SAR, China",HKG,31515.7,30697.3,32550,35142.5,36730.9,38403.8,40315.3,42431.9,43733.9,46160.4,48537.6,48356.1,46107.8,49800.5
GDP per capita (current US$),NY.GDP.PCAP.CD,Hungary,HUN,15772.3,13077.3,13217.5,14234.5,12984.8,13715.1,14294.3,12717,13104.7,14621.2,16425.1,16783,16121,18728.1
GDP per capita (current US$),NY.GDP.PCAP.CD,Iceland,ISL,56943.4,41301.3,43237.1,47714.6,45995.5,49805,54576.7,52951.7,61987.9,72010.1,74461.5,68853.7,59200.2,68727.6
GDP per capita (current US$),NY.GDP.PCAP.CD,India,IND,993.5,1096.6,1350.6,1449.6,1434,1438.1,1559.9,1590.2,1714.3,1958,1974.4,2047.2,1910.4,2256.6
GDP per capita (current US$),NY.GDP.PCAP.CD,Indonesia,IDN,2144.4,2239.1,3094.4,3613.8,3668.2,3602.9,3476.6,3322.6,3558.8,3839.8,3902.7,4151.2,3894.3,4332.7
GDP per capita (current US$),NY.GDP.PCAP.CD,"Iran, Islamic Rep.",IRN,5623.9,5602.6,6458.6,8201.6,8329,6280.7,5757.5,4990.9,5497.2,5758.6,3874,3277.9,2746.4,4091.2
GDP per capita (current US$),NY.GDP.PCAP.CD,Iraq,IRQ,4504.5,3686.4,4430.4,5736.9,6437.5,6612.9,6216,4416.9,4305.2,4725.2,5601.5,5621.2,4332.3,4775.4
GDP per capita (current US$),NY.GDP.PCAP.CD,Ireland,IRL,61353.1,52133.1,48663.6,52183.1,49054.7,51546.4,55643.1,62054,62895.9,69970.9,79250.4,80927.1,85420.2,100172.1
GDP per capita (current US$),NY.GDP.PCAP.CD,Isle of Man,IMN,72300.5,66177.2,70622.9,77843.5,79332.3,83199.6,91885.6,84759.3,82045.4,83507.8,89429.7,87157.5,..,..
GDP per capita (current US$),NY.GDP.PCAP.CD,Israel,ISR,30173.4,28317,31266.6,34354.7,33156.2,36941.8,38259.7,36206.5,37690.5,41114.8,42406.8,44452.2,44846.8,52170.7
GDP per capita (current US$),NY.GDP.PCAP.CD,Italy,ITA,40944.9,37226.8,36035.6,38649.6,35051.5,35560.1,35565.7,30242.4,30960.7,32406.7,34622.2,33673.8,31911,35657.5
GDP per capita (current US$),NY.GDP.PCAP.CD,Jamaica,JAM,5056.3,4452.1,4835.8,5259.9,5365.2,5143.7,4991.6,5077.6,5022.7,5273.2,5594.5,5626.2,4897.3,5183.6
GDP per capita (current US$),NY.GDP.PCAP.CD,Japan,JPN,39876.3,41309,44968.2,48760.1,49145.3,40898.6,38475.4,34960.6,39375.5,38834.1,39727.1,40458,39918.2,39312.7
GDP per capita (current US$),NY.GDP.PCAP.CD,Jordan,JOR,3416,3618.9,3914.7,4152.5,4386.5,4477.6,4255.9,4064.3,4003.4,4073.1,4146.4,4205.6,4042.8,4103.3
GDP per capita (current US$),NY.GDP.PCAP.CD,Kazakhstan,KAZ,8458,7165.2,9070.5,11634,12386.7,13890.6,12807.3,10510.8,7714.8,9247.6,9812.6,9812.6,9121.6,10373.8
GDP per capita (current US$),NY.GDP.PCAP.CD,Kenya,KEN,916,1049.1,1093.6,1099.3,1289.8,1376.8,1489.9,1496.7,1562.1,1676,1845.8,1970.1,1936.4,2081.8
GDP per capita (current US$),NY.GDP.PCAP.CD,Kiribati,KIR,1356.6,1249.3,1438,1644.3,1698.9,1628.7,1546.8,1459.1,1506.2,1563.6,1605,1432.2,1430.6,1606.5
GDP per capita (current US$),NY.GDP.PCAP.CD,"Korea, Dem. People's Rep.",PRK,..,..,..,..,..,..,..,..,..,..,..,..,..,..
GDP per capita (current US$),NY.GDP.PCAP.CD,"Korea, Rep.",KOR,21350.4,19143.9,23087.2,25096.3,25466.8,27182.7,29249.6,28732.2,29288.9,31616.8,33436.9,31902.4,31721.3,34997.8
GDP per capita (current US$),NY.GDP.PCAP.CD,Kosovo,XKX,2965.4,2847.6,3009.6,3540.9,3410.9,3704.8,3902.7,3520.8,3759.6,4009.4,4384,4416.1,4310.8,5269.8
GDP per capita (current US$),NY.GDP.PCAP.CD,Kuwait,KWT,55601.3,37904.2,39213.5,49006.6,51277.7,47760.9,43234.8,29310.5,27030,29263.1,32007.5,30667.3,24300.3,..
GDP per capita (current US$),NY.GDP.PCAP.CD,Kyrgyz Republic,KGZ,966.4,871.2,880,1123.9,1178,1282.4,1279.8,1121.1,1120.7,1242.8,1308.1,1374,1182.5,1276.7
GDP per capita (current US$),NY.GDP.PCAP.CD,Lao PDR,LAO,887.6,936.8,1127.8,1363.7,1566,1815.4,1984.5,2125.5,2309,2439.5,2553.4,2598.5,2593.4,2535.6
GDP per capita (current US$),NY.GDP.PCAP.CD,Latvia,LVA,16467.1,12331.9,11421,13339,13847.3,15007.5,15742.4,13786.5,14331.8,15695.1,17865,17945.2,18207.1,21148.2
GDP per capita (current US$),NY.GDP.PCAP.CD,Lebanon,LBN,5957.7,7149.8,7695.2,7914.1,8500.2,8255.2,7665.4,7802.8,8172.3,8679.9,9225.8,8985.6,5600,4136.1
GDP per capita (current US$),NY.GDP.PCAP.CD,Lesotho,LSO,885.6,866.4,1104.8,1265.9,1205.9,1141.4,1165,1113.9,986.3,1062.7,1161.7,1102.6,989.8,1094.1
GDP per capita (current US$),NY.GDP.PCAP.CD,Liberia,LBR,456.1,452.7,497,573.5,644.5,717.6,713.7,699.7,722.1,706.9,700,665.9,597.5,675.7
GDP per capita (current US$),NY.GDP.PCAP.CD,Libya,LBY,13921.5,9561.1,11611.3,7783.8,15764.9,12589.4,9408.8,7867.6,7944.8,10529.3,11838,10542.1,7568,6357.2
GDP per capita (current US$),NY.GDP.PCAP.CD,Liechtenstein,LIE,143539.2,126266.3,141467.6,158611.1,149459.2,173660.2,179457.9,167806,165845,170874.3,175283.6,167019.6,157755,..
GDP per capita (current US$),NY.GDP.PCAP.CD,Lithuania,LTU,14945,11820.8,11987.5,14376.9,14367.7,15729.7,16551,14264,15008.3,16885.4,19186.4,19595.1,20339.5,23723.3
GDP per capita (current US$),NY.GDP.PCAP.CD,Luxembourg,LUX,120422.1,109419.7,110886,119025.1,112584.7,120000.1,123678.7,105462,106899.3,110193.2,116786.5,112621.8,117370.5,133590.1
GDP per capita (current US$),NY.GDP.PCAP.CD,"Macao SAR, China",MAC,39745.8,39754.9,50676.5,64528.4,74111.3,86853,90873.9,73220.3,71918.7,78985.6,84923.4,83183.2,37646.3,43873.6
GDP per capita (current US$),NY.GDP.PCAP.CD,North Macedonia,MKD,4841.3,4584.7,4577.7,5098.1,4728.3,5241.1,5495.7,4861.6,5149.6,5450.5,6108.7,6070.4,5965.5,6694.6
GDP per capita (current US$),NY.GDP.PCAP.CD,Madagascar,MDG,522.8,455.4,459.4,516.9,504.2,526.7,517.1,455.6,464.6,503.5,512.5,512.3,462.4,500.5
GDP per capita (current US$),NY.GDP.PCAP.CD,Malawi,MWI,383.1,433,472.9,528.5,386.9,344.4,367,376.2,312.1,500.2,537.9,584.4,628.7,634.8
GDP per capita (current US$),NY.GDP.PCAP.CD,Malaysia,MYS,8343.4,7167.9,8880.1,10209.4,10601.5,10727.7,11045.4,9699.6,9555.7,9979.8,11074.1,11132,10160.8,11109.3
GDP per capita (current US$),NY.GDP.PCAP.CD,Maldives,MDV,6743.1,6719.3,7158.1,7409.3,7447.4,8222.6,8872.1,9434.3,9640.3,10063,10823.6,11118.6,7282.4,10366.3
GDP per capita (current US$),NY.GDP.PCAP.CD,Mali,MLI,676.1,680.6,688.3,810.2,753.4,778.8,818.4,723.5,750.1,795.7,856.4,840.2,822.9,873.8
GDP per capita (current US$),NY.GDP.PCAP.CD,Malta,MLT,22205.3,21083.1,21799.2,23155.6,22527.8,24770.9,26754.3,24921.6,25624.5,28823.5,31567.9,31198.2,28977.6,33486.7
GDP per capita (current US$),NY.GDP.PCAP.CD,Marshall Islands,MHL,2712.4,2810.5,3001.3,3238.9,3445.3,3611.7,3672.7,3703.6,4153.1,4507.6,4769.2,5189,5568,6172.1
GDP per capita (current US$),NY.GDP.PCAP.CD,Mauritania,MRT,1610.2,1418.9,1646.1,1919.5,1850.4,1929.8,1715.4,1562.7,1579.2,1634.6,1750,1840,1868.5,2166
GDP per capita (current US$),NY.GDP.PCAP.CD,Mauritius,MUS,8030.1,7318.1,8000.4,9197,9291.2,9766.8,10368.6,9509.9,9967.9,10844,11646,11405.7,9007.4,9106.2
GDP per capita (current US$),NY.GDP.PCAP.CD,Mexico,MEX,10119.8,8104.9,9400,10341.5,10376.1,10865.7,11076.1,9753.4,8875.1,9434.4,9857,10145.2,8655,10045.7
GDP per capita (current US$),NY.GDP.PCAP.CD,"Micronesia, Fed. Sts.",FSM,2420.7,2598.4,2760,2885.4,3023.6,2920.7,2928.4,2891.3,3022.7,3320.4,3623.3,3699.1,3639.4,3571.3
GDP per capita (current US$),NY.GDP.PCAP.CD,Moldova,MDA,2110.6,1898.4,2436.8,2941.4,3044.8,3321,3327.8,2731.1,2879.4,3509.6,4232.2,4493.4,4500.6,5230.7
GDP per capita (current US$),NY.GDP.PCAP.CD,Monaco,MCO,203266.9,168255.7,161782.7,179372.8,165505.2,185066.6,195780,170337.9,174610.6,173612.9,194280.8,199377.5,182538.6,234315.5
GDP per capita (current US$),NY.GDP.PCAP.CD,Mongolia,MNG,2134.9,1718.9,2660.3,3793.7,4402.3,4422.3,4211.9,3919.4,3690.8,3708.2,4165,4394.9,4041.2,4566.1
GDP per capita (current US$),NY.GDP.PCAP.CD,Montenegro,MNE,7367.8,6727.1,6688.5,7328.9,6586.7,7189.3,7388.1,6517.2,7033.6,7803.4,8850.1,8909.7,7677.2,9465.7
GDP per capita (current US$),NY.GDP.PCAP.CD,Morocco,MAR,2889.2,2863.6,2835.2,3041.1,2907.4,3117.5,3430.5,3139.2,3132.9,3288.5,3492.7,3498.6,3258.1,3795.4
GDP per capita (current US$),NY.GDP.PCAP.CD,Mozambique,MOZ,574.8,531,481.3,605.3,667.7,672.2,680.4,594.2,431,462.7,504.5,508.2,450,491.8
GDP per capita (current US$),NY.GDP.PCAP.CD,Myanmar,MMR,472.3,600.9,765.2,1086.8,1161.3,1195.9,1238.7,1224.6,1161.9,1175.2,1274.9,1295.2,1477.5,1209.9
GDP per capita (current US$),NY.GDP.PCAP.CD,Namibia,NAM,4222.3,4322.6,5445.4,5873.1,6017.2,5463,5544.1,4965.7,4614.9,5453.6,5687.4,5126.2,4251.2,4865.6
GDP per capita (current US$),NY.GDP.PCAP.CD,Nauru,NRU,..,..,4644.5,6423.7,9280.7,9210,9566.2,7736.2,8719.4,9361.4,10401,9786,9307.9,10648.1
GDP per capita (current US$),NY.GDP.PCAP.CD,Nepal,NPL,466.7,475.6,589.2,791.2,794.1,809.4,827.7,882.3,880.2,1028,1161.5,1185.7,1139.2,1208.2
GDP per capita (current US$),NY.GDP.PCAP.CD,Netherlands,NLD,57879.9,52722.2,50999.7,54230.3,50070.1,52198.9,52900.5,45193.4,46039.1,48675.2,53044.5,52476.3,52162.6,57767.9
GDP per capita (current US$),NY.GDP.PCAP.CD,New Caledonia,NCL,37353.8,35391.1,37494.9,40697.6,37294,38503.3,39675.6,32428.6,32286.9,33874.9,36312.7,34797.5,34800.8,37159.5
GDP per capita (current US$),NY.GDP.PCAP.CD,New Zealand,NZL,31253,28209.4,33676.8,38387.6,39973.4,42976.6,44572.9,38630.7,40058.2,42925,43250.4,42865.2,41596.5,48781
GDP per capita (current US$),NY.GDP.PCAP.CD,Nicaragua,NIC,1493.9,1438.1,1495.7,1644.8,1746.4,1794.8,1913.5,2025.3,2079.4,2127.3,1981.9,1890.3,1863.1,2045.5
GDP per capita (current US$),NY.GDP.PCAP.CD,Niger,NER,472.2,458.4,471.6,507.6,525,548.2,560.8,481.1,497,514.5,567.3,551,564.8,590.6
GDP per capita (current US$),NY.GDP.PCAP.CD,Nigeria,NGA,2227.8,1883.9,2280.1,2504.9,2728,2976.8,3201,2679.6,2144.8,1941.9,2125.8,2204.2,2074.6,2065.7
GDP per capita (current US$),NY.GDP.PCAP.CD,Northern Mariana Islands,MNP,15641.7,13933.7,14772.5,13880.4,14247.8,14806,16044.4,17665.1,24054.9,30751.6,25882.6,23707.3,..,..
GDP per capita (current US$),NY.GDP.PCAP.CD,Norway,NOR,96944.1,79977.7,87693.8,100600.6,101524.1,102913.5,97019.2,74355.5,70460.6,75496.8,82267.8,75719.8,67329.7,89154.3
GDP per capita (current US$),NY.GDP.PCAP.CD,Oman,OMN,22974.3,17938,22552.2,24166.1,24722.6,23563.9,23121.2,18777.4,17082.2,17802.6,19887.6,19132.2,16707.6,19509.5
GDP per capita (current US$),NY.GDP.PCAP.CD,Pakistan,PAK,914.7,884.4,911.1,1075.5,1109.7,1126,1173.4,1282.4,1468.8,1567.6,1620.7,1437.2,1322.3,1505
GDP per capita (current US$),NY.GDP.PCAP.CD,Palau,PLW,10380.3,9960.8,10029.3,10795.6,11835.4,12418.8,13580,15761.4,16743.4,16011.7,15948.3,15567.1,14016.2,12083.9
GDP per capita (current US$),NY.GDP.PCAP.CD,Panama,PAN,7197.1,7618.4,8124.6,9403.4,10767.3,11932.3,12837.2,13669.6,14382.2,15186,15588.3,15826.1,12569.2,14617.6
GDP per capita (current US$),NY.GDP.PCAP.CD,Papua New Guinea,PNG,1635,1579,1879.2,2303.8,2653.2,2578.5,2742.2,2502.1,2332.7,2495.1,2584.3,2593.8,2446.1,2672.9
GDP per capita (current US$),NY.GDP.PCAP.CD,Paraguay,PRY,4360.4,3920.2,4725.7,5776.3,5617.1,6410.8,6629.4,5861.4,5759,6136.1,6243,5807.8,5353.3,5891.5
GDP per capita (current US$),NY.GDP.PCAP.CD,Peru,PER,4184.9,4165,5047.2,5826.8,6475.7,6697.2,6614.9,6180.2,6163.8,6676.3,6912.1,6955.8,6056.3,6621.6
GDP per capita (current US$),NY.GDP.PCAP.CD,Philippines,PHL,1990.4,1893.3,2201.8,2431.2,2671.8,2847.6,2935.9,2974.3,3038.1,3077.4,3194.7,3413.8,3224.4,3460.5
GDP per capita (current US$),NY.GDP.PCAP.CD,Poland,POL,13996,11526.1,12504.3,13776.6,13010.9,13558.4,14182.1,12560.1,12378.8,13815.6,15504.6,15699.9,15817,17999.9
GDP per capita (current US$),NY.GDP.PCAP.CD,Portugal,PRT,24949,23151.2,22520.6,23217.3,20563.7,21653.2,22103.7,19250.1,19992,21490.4,23562.6,23330.8,22242.4,24567.5
GDP per capita (current US$),NY.GDP.PCAP.CD,Puerto Rico,PRI,24898.3,25768.7,26435.7,27278.9,27944.7,28513.2,28981.5,29763.5,30627.2,31108.8,31615.1,32916.9,31393.9,32640.7
GDP per capita (current US$),NY.GDP.PCAP.CD,Qatar,QAT,79811.6,60734,73021.3,92993,98041.4,97630.8,93126.1,66984.9,58467.2,59407.7,66264.1,62637.3,52315.7,66838.4
GDP per capita (current US$),NY.GDP.PCAP.CD,Romania,ROU,10435,8548.1,8397.8,9560.2,8930.7,9497.3,10031.3,8976.9,9404.3,10727.9,12494.5,12958.1,13047.4,14858.2
GDP per capita (current US$),NY.GDP.PCAP.CD,Russian Federation,RUS,11635.3,8562.8,10675,14311.1,15420.9,15974.6,14095.6,9313,8704.9,10720.3,11287.4,11536.3,10169.1,12194.8
GDP per capita (current US$),NY.GDP.PCAP.CD,Rwanda,RWA,529.3,564.7,593.8,650.6,705.8,704.1,724.4,733.4,728.4,756.5,769.4,806.9,774.7,822.3
GDP per capita (current US$),NY.GDP.PCAP.CD,Samoa,WSM,3344.1,3251,3494.3,3789.7,3902.4,3989.9,3948.8,4048.5,4105.8,4261.7,4189,4308.3,4042.8,3857.3
GDP per capita (current US$),NY.GDP.PCAP.CD,San Marino,SMR,77962.1,66200.7,59517,55816.4,48435.9,50438.4,50135.5,42281.6,43399.5,44885.8,48463,47287.4,45320.2,..
GDP per capita (current US$),NY.GDP.PCAP.CD,Sao Tome and Principe,STP,1080.6,1054.4,1079.7,1244.3,1319.9,1551.2,1754.6,1571.5,1688.4,1805.5,1950.6,1991.7,2161.3,2360.5
GDP per capita (current US$),NY.GDP.PCAP.CD,Saudi Arabia,SAU,18944.9,15064.6,17958.9,22262.6,23878.6,23716.3,23543.6,19977.8,19300.1,20138.1,23318.7,22430.2,19539.6,23185.9
GDP per capita (current US$),NY.GDP.PCAP.CD,Senegal,SEN,1419.5,1324,1286.6,1383.5,1334.7,1391.5,1417.1,1238.1,1290.8,1385.2,1484.2,1462.4,1490.2,1636.9
GDP per capita (current US$),NY.GDP.PCAP.CD,Serbia,SRB,7101,6169.1,5735.4,6809.2,6015.9,6755.1,6600.1,5589,5765.2,6292.5,7252.4,7417.2,7733.8,9230.2
GDP per capita (current US$),NY.GDP.PCAP.CD,Seychelles,SYC,11122.9,9707,10804.7,12189.1,11998.4,14764.9,15188.2,15157.5,15740.1,16416.8,16910.7,17253.5,12809,14653.3
GDP per capita (current US$),NY.GDP.PCAP.CD,Sierra Leone,SLE,411.3,392,400.5,445,560,706.5,702.3,576.7,490.4,484.4,519.7,506.6,493.5,480
GDP per capita (current US$),NY.GDP.PCAP.CD,Singapore,SGP,40007.5,38927.2,47237,53890.4,55546.5,56967.4,57562.5,55646.6,56860.4,61150.7,66859.3,65831.2,60729.5,72794
GDP per capita (current US$),NY.GDP.PCAP.CD,Sint Maarten (Dutch part),SXM,..,..,..,27997.3,28460.3,27942.9,33043.7,32274.9,31616.7,29369.1,28988.3,..,..,..
GDP per capita (current US$),NY.GDP.PCAP.CD,Slovak Republic,SVK,18753.6,16597.2,16908.8,18509.7,17498.4,18276,18720,16390.9,16563.4,17585.2,19486.4,19383.5,19545.7,21391.9
GDP per capita (current US$),NY.GDP.PCAP.CD,Slovenia,SVN,27595.6,24792.1,23532.5,25128,22641.8,23503.3,24247.2,20890.2,21678.4,23514,26123.7,26016.1,25545.2,29291.4
GDP per capita (current US$),NY.GDP.PCAP.CD,Solomon Islands,SLB,1504.5,1526.2,1662,1921.3,2087.5,2208.1,2235.7,2134.8,2196.3,2283.6,2450.5,2398.8,2222.5,2304.8
GDP per capita (current US$),NY.GDP.PCAP.CD,Somalia,SOM,..,..,..,..,..,356.1,377.6,387.6,387.2,377.3,380,405.8,416.2,447
GDP per capita (current US$),NY.GDP.PCAP.CD,South Africa,ZAF,6251.9,6444.2,8059.6,8737.1,8173.9,7441.2,6965.1,6204.9,5735.1,6734.5,7048.5,6688.8,5741.6,7055
GDP per capita (current US$),NY.GDP.PCAP.CD,South Sudan,SSD,1653,1325.3,1503.1,1455.4,1114.9,1659.1,1245.1,1071.8,..,..,..,..,..,..
GDP per capita (current US$),NY.GDP.PCAP.CD,Spain,ESP,35510.7,32169.5,30532.5,31677.9,28322.9,29077.2,29513.7,25754.4,26537.2,28185.3,30379.7,29581.5,26959.7,30103.5
GDP per capita (current US$),NY.GDP.PCAP.CD,Sri Lanka,LKA,2037.3,2090.4,2893.9,3321.5,3449.1,3740.6,3971.9,4060.1,4150.9,4401.1,4360.6,4082.7,3893.8,4013.7
GDP per capita (current US$),NY.GDP.PCAP.CD,St. Kitts and Nevis,KNA,16491.9,16374.3,16427.6,17572,17311.6,18326,19945.5,20026,21095.3,22160.4,22547.9,23219.3,18566.1,18082.6
GDP per capita (current US$),NY.GDP.PCAP.CD,St. Lucia,LCA,8528.7,8259.3,8697.8,9160.8,9271.7,9569.1,10007.1,10290.4,10574.4,11270.5,11563.8,11726.8,8458.2,9414.2
GDP per capita (current US$),NY.GDP.PCAP.CD,St. Martin (French part),MAF,..,..,..,21345,..,..,21920.8,..,..,..,..,..,..,..
GDP per capita (current US$),NY.GDP.PCAP.CD,St. Vincent and the Grenadines,VCT,6641.5,6503.1,6591,6566.5,6754.4,7117.6,7210.6,7386.7,7684.8,8030.6,8399.7,8674.4,8335.3,8666.4
GDP per capita (current US$),NY.GDP.PCAP.CD,Sudan,SDN,1585.6,1382.6,1706.4,1982.8,1797.4,1834.5,2076,2226.4,2614.3,3188.8,769.9,748,608.3,751.8
GDP per capita (current US$),NY.GDP.PCAP.CD,Suriname,SUR,6616.8,7176.9,7999.6,8009.3,8923,9124.5,9199.2,8907.8,5705.4,6112.9,6730.8,6690,4796.5,4869.1
GDP per capita (current US$),NY.GDP.PCAP.CD,Eswatini,SWZ,3022.5,3270.1,4035.5,4361,4396.6,4111.1,3928.5,3583.3,3340,3824,4020.3,3843.4,3372.9,3978.4
GDP per capita (current US$),NY.GDP.PCAP.CD,Sweden,SWE,56152.6,46947,52869,60755.8,58037.8,61126.9,60020.4,51545.5,51965.2,53791.5,54589.1,51939.4,52837.9,61028.7
GDP per capita (current US$),NY.GDP.PCAP.CD,Switzerland,CHE,74175.2,71568.3,76531.4,90476.8,85836.2,87304.3,88725,83806.4,82153.1,82254.4,85217.4,84121.9,85656.3,91991.6
GDP per capita (current US$),NY.GDP.PCAP.CD,Syrian Arab Republic,SYR,10156,10288.1,11304.6,2971.3,1910.6,993.7,1071.2,857.5,664.3,862.3,1104.4,1116.7,533.4,..
GDP per capita (current US$),NY.GDP.PCAP.CD,Tajikistan,TJK,704.7,666.7,740.3,837.9,959.4,1038.3,1094.4,970.4,801.4,844.4,850.7,889,852.3,897
GDP per capita (current US$),NY.GDP.PCAP.CD,Tanzania,TZA,671.6,681.2,730.8,768.9,854.5,955.2,1012.8,928.8,942.5,976.2,1010.9,1052,1042.1,1099.3
GDP per capita (current US$),NY.GDP.PCAP.CD,Thailand,THA,4327.8,4154.2,4996.4,5396.6,5748.6,6041.1,5822.4,5708.8,5854.5,6436.8,7124.6,7630,6990.9,7066.2
GDP per capita (current US$),NY.GDP.PCAP.CD,Timor-Leste,TLS,621.7,682.2,810.1,936.6,1020,1201.4,1221.5,1322.3,1347.9,1283.5,1239.4,1584.3,1660.3,2741.4
GDP per capita (current US$),NY.GDP.PCAP.CD,Togo,TGO,534.1,528.1,521.8,573.8,559.2,608.2,627.7,559.4,787.3,814.4,883.9,875.9,897.2,973.2
GDP per capita (current US$),NY.GDP.PCAP.CD,Tonga,TON,3221,2915.5,3416.2,3852.1,4378.7,4208.1,4125.4,4118,3978.4,4367.3,4649.6,4879,4606.1,4426
GDP per capita (current US$),NY.GDP.PCAP.CD,Trinidad and Tobago,TTO,20011.1,13682.8,15711.6,17910.3,18961.2,19821.5,20328,18389.5,15991.1,16094.7,16164.2,15691,13871.8,16032.5
GDP per capita (current US$),NY.GDP.PCAP.CD,Tunisia,TUN,4200.3,4029.4,4241,4361.9,4233.9,4308.2,4398.6,3961,3796.2,3569.8,3577.1,3477.9,3497.7,3807.1
GDP per capita (current US$),NY.GDP.PCAP.CD,Turkiye,TUR,10802.8,8989.5,10615.3,11308.1,11697.5,12507.6,12020.6,10852,10734.4,10464.1,9400.8,9103,8561.1,9661.2
GDP per capita (current US$),NY.GDP.PCAP.CD,Turkmenistan,TKM,3778.7,3901.7,4286.9,5453.2,6441.9,7049.8,7685.5,6208.3,6163.3,6354.5,6721.3,7344.6,..,..
GDP per capita (current US$),NY.GDP.PCAP.CD,Turks and Caicos Islands,TCA,31459.5,24602.9,23103.9,23649.7,22666.4,22451.6,24040.9,25783.3,26995,25659.2,26832,27795.1,20882.3,20908.6
GDP per capita (current US$),NY.GDP.PCAP.CD,Tuvalu,TUV,3103,2697.6,3043.1,3663.1,3625,3537,3556.3,3384.4,3836.1,4176,4401.1,4949.2,4973.8,5632
GDP per capita (current US$),NY.GDP.PCAP.CD,Uganda,UGA,473.3,799.9,824.7,837.1,796.7,819.8,897.5,864.2,753.7,766.2,793.1,823.1,846.8,883.9
GDP per capita (current US$),NY.GDP.PCAP.CD,Ukraine,UKR,4066.5,2639.4,3078.4,3704.8,4004.8,4187.7,3104.6,2124.7,2187.7,2638.3,3096.6,3661.5,3751.7,4835.6
GDP per capita (current US$),NY.GDP.PCAP.CD,United Arab Emirates,ARE,45140.8,31722.6,34165.9,40893,44386.8,45729.6,46866,41525.1,41054.5,43064,46722.3,45376.2,37629.2,44315.6
GDP per capita (current US$),NY.GDP.PCAP.CD,United Kingdom,GBR,47429.9,38821.2,39693.2,42150.7,42485.6,43449.1,47447.6,45071.1,41146.1,40621.3,43306.3,42747.1,40318.6,46510.3
GDP per capita (current US$),NY.GDP.PCAP.CD,United States,USA,48570,47194.9,48650.6,50066,51784.4,53291.1,55123.8,56762.7,57866.7,59907.8,62823.3,65120.4,63530.6,70248.6
GDP per capita (current US$),NY.GDP.PCAP.CD,Uruguay,URY,9102.2,9467.5,12015.7,14267.6,15206.9,17015.1,16875.5,15655.9,16766.4,18769.8,18825.3,17859.9,15619.5,17313.2
GDP per capita (current US$),NY.GDP.PCAP.CD,Uzbekistan,UZB,1082.3,1213.3,1742.3,2051.1,2267.6,2419.7,2628.5,2754,2704.7,1916.8,1597.1,1784,1749.7,1983.1
GDP per capita (current US$),NY.GDP.PCAP.CD,Vanuatu,VUT,2525.1,2472.5,2732.6,3064.8,2906.3,2877.4,2861.2,2643.9,2757.2,3032.2,3076.8,3076.6,2877.5,2996.6
GDP per capita (current US$),NY.GDP.PCAP.CD,"Venezuela, RB",VEN,11310.8,11641.8,13692.9,10877.1,12937.9,12434,15975.7,..,..,..,..,..,..,..
GDP per capita (current US$),NY.GDP.PCAP.CD,Vietnam,VNM,1158.1,1225.8,1684,1953.6,2190.2,2367.5,2558.8,2595.2,2760.7,2992.1,3267.2,3491.1,3586.3,3756.5
GDP per capita (current US$),NY.GDP.PCAP.CD,Virgin Islands (U.S.),VIR,39152.4,38753.2,39905.1,38997.1,37795.3,34598,33045.4,34007.4,35325,35365.1,36653.9,38596,39552.2,..
GDP per capita (current US$),NY.GDP.PCAP.CD,West Bank and Gaza,PSE,2035.2,2191.8,2557.1,2880.8,3067.4,3315.3,3352.1,3272.2,3527.6,3620.4,3562.3,3656.9,3233.6,3664
GDP per capita (current US$),NY.GDP.PCAP.CD,"Yemen, Rep.",YEM,1153.5,1045.8,1249.1,1284.6,1350,1497.7,1557.6,1488.4,1069.8,893.7,701.7,..,..,..
GDP per capita (current US$),NY.GDP.PCAP.CD,Zambia,ZMB,1393.5,1150.9,1469.4,1644.5,1729.6,1840.3,1724.6,1307.9,1249.9,1495.8,1475.2,1268.1,956.8,1137.3
GDP per capita (current US$),NY.GDP.PCAP.CD,Zimbabwe,ZWE,351.8,762.3,937.8,1082.6,1290.2,1408.4,1407,1410.3,1421.8,1192.1,2269.2,1421.9,1372.7,1773.9
